"asc_alimentos","bnpersonas_alimentos","bnmenores_0_4_alimentos","bnmenores_5_14_alimentos","bnpersonas_15_65_alimentos","bntrabajadores_alimentos","bnprofesionales_alimentos","bedadpromedio_alimentos","bq2_alimentos","bq3_alimentos","bq4_alimentos","bq5_alimentos","bnorte_alimentos","bcentro_alimentos","bsur_alimentos","asc_cuentas","bnpersonas_cuentas","bnmenores_0_4_cuentas","bnmenores_5_14_cuentas","bnpersonas_15_65_cuentas","bntrabajadores_cuentas","bnprofesionales_cuentas","bedadpromedio_cuentas","bq2_cuentas","bq3_cuentas","bq4_cuentas","bq5_cuentas","bnorte_cuentas","bcentro_cuentas","bsur_cuentas","asc_hogar","bnpersonas_hogar","bnmenores_0_4_hogar","bnmenores_5_14_hogar","bnpersonas_15_65_hogar","bntrabajadores_hogar","bnprofesionales_hogar","bedadpromedio_hogar","bq2_hogar","bq3_hogar","bq4_hogar","bq5_hogar","bnorte_hogar","bcentro_hogar","bsur_hogar","asc_salud","bnpersonas_salud","bnmenores_0_4_salud","bnmenores_5_14_salud","bnpersonas_15_65_salud","bntrabajadores_salud","bnprofesionales_salud","bedadpromedio_salud","bq2_salud","bq3_salud","bq4_salud","bq5_salud","bnorte_salud","bcentro_salud","bsur_salud","asc_transporte","bnpersonas_transporte","bnmenores_0_4_transporte","bnmenores_5_14_transporte","bnpersonas_15_65_transporte","bntrabajadores_transporte","bnprofesionales_transporte","bedadpromedio_transporte","bq2_transporte","bq3_transporte","bq4_transporte","bq5_transporte","bnorte_transporte","bcentro_transporte","bsur_transporte","asc_comunicaciones","bnpersonas_comunicaciones","bnmenores_0_4_comunicaciones","bnmenores_5_14_comunicaciones","bnpersonas_15_65_comunicaciones","bntrabajadores_comunicaciones","bnprofesionales_comunicaciones","bedadpromedio_comunicaciones","bq2_comunicaciones","bq3_comunicaciones","bq4_comunicaciones","bq5_comunicaciones","bnorte_comunicaciones","bcentro_comunicaciones","bsur_comunicaciones","asc_recreacion","bnpersonas_recreacion","bnmenores_0_4_recreacion","bnmenores_5_14_recreacion","bnpersonas_15_65_recreacion","bntrabajadores_recreacion","bnprofesionales_recreacion","bedadpromedio_recreacion","bq2_recreacion","bq3_recreacion","bq4_recreacion","bq5_recreacion","bnorte_recreacion","bcentro_recreacion","bsur_recreacion","asc_educacion","bnpersonas_educacion","bnmenores_0_4_educacion","bnmenores_5_14_educacion","bnpersonas_15_65_educacion","bntrabajadores_educacion","bnprofesionales_educacion","bedadpromedio_educacion","bq2_educacion","bq3_educacion","bq4_educacion","bq5_educacion","bnorte_educacion","bcentro_educacion","bsur_educacion","asc_restaurantes","bnpersonas_restaurantes","bnmenores_0_4_restaurantes","bnmenores_5_14_restaurantes","bnpersonas_15_65_restaurantes","bntrabajadores_restaurantes","bnprofesionales_restaurantes","bedadpromedio_restaurantes","bq2_restaurantes","bq3_restaurantes","bq4_restaurantes","bq5_restaurantes","bnorte_restaurantes","bcentro_restaurantes","bsur_restaurantes","logLike"
0,0,0,0,0,0,0,0,0,0,0,0,0,0,0,0,0,0,0,0,0,0,0,0,0,0,0,0,0,0,0,0,0,0,0,0,0,0,0,0,0,0,0,0,0,0,0,0,0,0,0,0,0,0,0,0,0,0,0,0,0,0,0,0,0,0,0,0,0,0,0,0,0,0,0,0,0,0,0,0,0,0,0,0,0,0,0,0,0,0,0,0,0,0,0,0,0,0,0,0,0,0,0,0,0,0,0,0,0,0,0,0,0,0,0,0,0,0,0,0,0,0,0,0,0,0,0,0,0,0,0,0,0,0,0,-34448.9755762895
0.0747348180618581,0.0182030077896353,0.0512841058068595,0.0305296811682638,0.0300788385868428,0.0417706171409947,0.111210029212297,0.00137254629391687,0.0682127833591477,0.0753338967365227,0.0850643193689655,0.108628964605281,0.0642926308138174,0.0726366122527477,0.0821139615973192,0.0739684644566742,0.0211865477990629,0.0470877372628263,0.0286059459134324,0.0325603496801019,0.0427255547364572,0.0340425940700844,0.00145409685831415,0.0698544711678099,0.0735024259777419,0.0799387597538436,0.0818927446826661,0.0668085297794517,0.0740015157650905,0.0693886258060813,-0.157907829702986,-0.0488715880875875,-0.0940558618942834,-0.0741187638051437,-0.0840335594403989,-0.105781491305574,0.00442559030612618,-0.00245249017266339,-0.155028951142167,-0.170719161277169,-0.170493152462168,-0.124529707925822,-0.178742974069822,-0.146684211986172,-0.112240564734483,-0.0314047096732021,-0.0130192000585197,-0.0699004700531593,-0.0486018690757192,-0.02445306712372,-0.0331251774978165,0.000161538278350954,-0.000130194925040482,-0.0242655930402578,-0.0427775409219303,-0.0131427876986221,0.0116269755044575,-0.0786978587624804,-0.0188794688275239,-0.0322218034307102,0.025220686569085,0.00923615766697624,0.0366733946036603,0.0192143222777939,0.0170903311389456,0.0258049232952736,0.0288968733076422,0.000245763039525951,0.015272692588824,0.031161602774346,0.0506527019288539,0.0738261277073488,0.0290578531070956,0.0283501267397114,0.029919221526742,-0.0875138042553483,-0.0289999897133579,-0.106469140256112,-0.0523085486303774,-0.0408102363435663,-0.059389847425163,-0.0411731405097206,-0.00164804544762309,-0.0397196969740626,-0.0708293368257343,-0.134857347991142,-0.27230935666811,-0.0565419624366188,-0.0485797042196261,-0.0139529658068298,-0.139879287876666,-0.0423177469631217,-0.0831947234530156,-0.0600309657146263,-0.0578514825464588,-0.0592750252806894,0.00960687178943966,-0.00303543513335769,-0.171887525620432,-0.126776795243385,-0.0844992883277062,0.053537074254358,-0.139665056615357,-0.152832809839091,-0.150209165367046,-0.204127218208891,-0.0487169478078213,-0.14950267969357,-0.0545869350412244,-0.0742334090476401,-0.115076093325773,-0.0834102312858291,-0.0045717805295123,-0.209609338507625,-0.198750922321336,-0.190384675427471,-0.131420723091147,-0.183829610632022,-0.20502983874832,-0.193172925115045,-0.183180385325858,-0.0540443803125134,-0.167030213951293,-0.0976850186349134,-0.078001791869668,-0.0931763260935464,-0.0384574316484563,-0.00350199169366602,-0.183837938694829,-0.173116243399089,-0.175658855367776,-0.125111621564592,-0.116776237412472,-0.211368257130241,-0.231633512341719,-31758.5491262242
0.216996002426199,0.0565845273885552,0.141461862113386,0.0858156434646299,0.0890065843849379,0.118750871176738,-0.0433203478311417,0.00407694215457425,0.223191750823625,0.233229328952928,0.195999970318853,0.042834360714056,0.202188367398188,0.219407205261079,0.16000342033209,0.135427500351158,0.0222512513720378,0.0597831978719509,0.0118832182826907,0.0362897041154811,0.0399889371055534,0.0236613738682385,0.00286416499858659,0.148059337919263,0.0838743022518432,0.0294871514260816,-0.116478517106054,0.0612406357893054,0.0818147617175168,0.19640994588682,-0.0799805555592465,-0.00608912468604947,0.105932038805213,0.0347069009192545,-0.0275391895515512,-0.00466655134360115,0.179012415233558,-0.00141864029261638,-0.100463993303372,-0.020669929851283,0.0383196520190215,0.188264637486687,-0.107629146431126,-0.0317182880462276,0.00632210510092573,-0.0832624835002811,-0.0327995113530033,-0.189652418592805,-0.132805656590934,-0.0658480887128748,-0.0870997859797019,0.0175569064137434,-0.000185204555384761,-0.0679507444859554,-0.110932764526437,0.00930930397799649,0.0999315595068188,-0.206719953015379,-0.0481627025626864,-0.0964719180872471,-0.0289862499127374,-0.00387022868968883,0.0303230928010594,0.00325702860768616,0.00431912625534066,0.0194581772146849,0.0346055899322225,-0.00142864275039545,-0.0608226560137611,0.00253808178266702,0.0768806512534943,0.121630184251156,-0.0447606779826012,0.00150504622842266,0.0287409728196519,0.0309380581717737,0.023670425828685,0.0829586173634788,0.0742550141306146,0.0423990778691645,0.0730343425742332,0.0463791921360777,-0.000136805653461169,0.0732830851895506,0.123595126878177,0.0907556574742398,-0.00804931461458752,0.117623492194531,0.104937163672068,0.163751398076911,-0.0913491587313026,-0.0103815680699192,0.0650811493692499,0.0533335760392366,0.00562158998410719,0.0606882737421724,0.156074624943464,-0.00377056020729147,-0.185556806409385,0.0305299374140596,0.190659047336013,0.4103910908319,-0.0899549398595487,-0.0998994704473697,-0.0872734945604516,-0.392998708646593,-0.0603247414271715,-0.218681043463024,0.00581648108060324,-0.0844662269881389,-0.169157325754439,0.0711582946214697,-0.0126918307463224,-0.566333525135588,-0.342708781338846,-0.207402642459864,0.117286567564306,-0.27613172843582,-0.394462855060784,-0.367534956973694,-0.149383776178546,-0.0227947607109053,0.0119529987193803,-0.0134964328788458,-0.0171177529050895,0.0148282921627311,0.193598364662087,-0.00433870774408167,-0.224448433993116,-0.0494665058236902,0.078630327761749,0.256472893096542,-0.00492799646420937,-0.256631906686936,-0.468295442506556,-31246.9626001177
0.349954964957023,0.0903542476476167,0.157654757223745,0.106138061704515,0.129265271351254,0.143285863591064,-0.434475536932387,0.00794275468903796,0.397348092031723,0.325755800418382,0.128650400146952,-0.201343988248718,0.38860763563007,0.360922807997142,0.0804128409283774,0.246636994856066,0.0380692000446584,0.15487592238776,0.035542724557674,0.0630740424428038,0.0742744530733425,0.067791835971602,0.00543133782513016,0.292754319432006,0.167475703243293,0.0620166880397154,-0.233034580197658,0.120491622139338,0.158326924859187,0.436157529857503,-0.0856118785403067,0.00142296403033076,0.257171181936815,0.0934253661254387,-0.0253955632287635,0.0215491531840988,0.282067009909944,-0.00144080653244365,-0.0742976999673233,0.0927362223331028,0.201498960865417,0.442852214204283,-0.0974218164082327,0.0239937613984525,0.0944305802369948,0.0187269701762219,0.00678198892504941,-0.0706232338879562,-0.0863440545810686,-0.0200268143545403,-0.0110725180774389,0.123323695601184,0.00212353020788322,0.0358300702904484,0.0508329853828117,0.250219299150677,0.420238370426395,-0.167704045595733,0.0715377164820481,-0.0180902061614787,0.0143657888675426,0.0130106345724273,0.124750313255926,0.0463636454471087,0.0409832289154492,0.0816874604320566,0.0975579862837615,-0.00129907964017005,-0.0035175284010962,0.114235726803411,0.239038236532517,0.300258839160968,0.0295817916555287,0.0929828544187912,0.124927359544915,-0.160213676487483,-0.0245656588730142,-0.0997046021549454,-0.0161835824310548,-0.0323558568762962,-0.0263015970572198,0.161136496086445,-0.00446423627684791,-0.145092219344518,-0.149822799689925,-0.174425353842832,-0.225880688854122,-0.0611312339430857,-0.0400512428384983,0.0601170930804,-0.113745528739322,-0.0117930187507305,0.0946668834490272,0.0916038183908555,0.022045241180881,0.122836132622233,0.183059025453816,-0.00568797767379049,-0.138361711395239,0.210410549213411,0.457252185889764,0.792721744944807,-0.0892922296381094,-0.0846922004868828,-0.0624900565775171,-0.364376829106165,-0.0303114249762534,-0.0493176895273538,0.140697720803537,-0.0314919327430654,-0.10313893626053,0.320565865996442,-0.0142051879374549,-0.607509195061769,-0.174703547852847,0.0381795042395018,0.553162736944709,-0.109202356003847,-0.309142534402271,-0.300299336434059,-0.118445283361848,-0.00325093532215943,0.194457336418774,0.0662287492897606,0.0237077725505142,0.103437176341114,0.607870604905231,-0.00472517671699521,-0.154755685597168,0.163281501691159,0.410478636189643,0.735621499429754,0.152210756824706,-0.248649012960697,-0.599964613500764,-30955.3603682195
0.396395821271397,0.101479279101787,0.140236358388765,0.0934668112839789,0.132976286976027,0.122863554616021,-0.680977810221677,0.0105756236257407,0.362889653305435,0.227116030809181,-0.0368346336468961,-0.52194324864999,0.464736187208162,0.359192722148824,-0.049576132909848,0.411278092358897,0.0578958686439736,0.320431885800105,0.0832272843713068,0.0985976676760674,0.126253861074816,0.238571055674131,0.00907149703744061,0.426643200555157,0.264175041773541,0.121323940142114,-0.269335581759109,0.220354208369156,0.271231481293193,0.738865216528125,-0.113395103054162,0.000664361413390044,0.303130388497748,0.10726814223579,-0.0425660276767609,0.032633407358057,0.274388510582954,-0.00120327007704174,0.110026113200019,0.295709829173674,0.370710681160736,0.603537943941141,-0.0580245175159538,0.151186218633011,0.218579259392807,0.0912339110942349,0.0384379729563618,0.107368647329565,-0.0235379494317408,0.00852579263449724,0.0461236202266999,0.266524507148448,0.00469321609763005,0.235054439047094,0.320556825623157,0.590366591951922,0.845589574219098,-0.116090605793734,0.209669250771363,0.0843956962296926,0.0919149842543702,0.0403702271504507,0.282193540617188,0.119545724046875,0.0994754659544651,0.180539398498054,0.220870831339798,-0.000596888064431037,0.180744455886033,0.341084562506135,0.514870633611179,0.61130224014473,0.210526164763935,0.265495738691249,0.30113806697011,-0.0122360636495873,0.0152985648030215,0.089118690529893,0.0772079236464109,0.0365944384789137,0.0780554426794523,0.376622831775034,-0.000663364007248773,0.242979850943578,0.211343254533366,0.187932722656922,0.0801341967804299,0.289120781923774,0.325607153587592,0.449265392850915,-0.145471678282473,-0.0251395153433886,0.0411941895913673,0.0793730787811572,0.035678062818154,0.187172670155713,0.0680073693714341,-0.00839834140700043,0.205764095505639,0.563885777217575,0.787936905326769,1.06266335154432,-0.0115237724937517,0.0399846016632327,0.010403797794278,-0.349787383052544,0.00461150458926819,0.108558420173633,0.323938904976913,0.0352338135371439,-0.0329791690380481,0.683176964607573,-0.0166075517100365,-0.619300631337722,0.0674770192976093,0.367477036887689,1.23790508608657,0.0738625348024615,-0.203534005166521,-0.231496663528185,-0.182021203615232,-0.0135455711908036,0.0173783926946547,0.0157052957692559,0.029728091365172,0.15242958801383,0.582923786064273,-0.00765907769875625,0.00793809483633415,0.362640152807414,0.582156860923059,0.848050255398424,0.192708596849139,-0.341974095157581,-0.800052657912825,-30135.569069441
0.486703227479704,0.131845180352486,0.313628345281359,0.128949609900505,0.16117834874462,0.144004400206681,0.0927022416316685,0.0142104882978797,0.218959780833391,0.0894962445439087,-0.0366692770777815,-0.158282992406758,0.438791808210349,0.324470231218535,0.17104583123931,0.530747614870289,0.039356895614509,0.390288337179621,0.119851102075536,0.0857038877504684,0.132967870121897,0.577200798814517,0.00983906350901517,0.132671255211168,0.0390932769500676,0.0150585085805519,0.0303333631929136,0.271311256487314,0.206155785815104,0.483211296818268,-0.163177126387577,-0.00852570715303115,0.0695437629607412,0.0240028766572491,-0.0917141513112478,0.0218430657273398,0.483617731921891,0.000767066632968109,0.622148733703484,0.629895632218276,0.551111085557725,0.606058585413075,0.300364198423,0.377481403940147,0.375742932186204,0.00278126150107741,0.0358077968502886,0.0719169192520356,-0.00222068460468276,-0.0532316159355626,-0.0413096426518617,0.05457591219575,0.0064360279940534,0.659379041458278,0.651034528370579,0.630145972364324,0.310850975400599,0.0691753276702869,0.174642376915975,0.211517568370465,0.124221718848825,0.0494351338117158,0.253065730975424,0.118599975425765,0.147561782467674,0.255085607228824,0.282969830767006,-0.00115106223023456,0.590426945669267,0.650545025994212,0.717205534910053,0.691339424389364,0.458436933707892,0.483929118335853,0.504474044126347,0.0220660180240038,0.0257207659496029,0.0964353435448824,0.0626223988467272,0.0580511686268121,0.114161643646459,0.198658761237134,0.000456635100799119,0.529119614773766,0.463315390159311,0.283161028931555,-0.183644344607183,0.49801756111461,0.53963242092218,0.641273709749064,-0.132477387441185,-0.0666201537843495,-0.0684024325052195,-0.0620614480864398,0.0360169660671284,0.189709676846884,0.0987047591467033,-0.00951327048955581,1.03689227629154,1.05463327799587,0.974934725583909,1.15062672778167,0.428480827275594,0.457302375097924,0.367996190240695,-0.379702944935607,0.0326254744465218,-0.329579839744939,0.296332101391792,0.118456412893689,-0.0159383740366844,0.486153755156153,-0.0209859296542201,-0.147723610898801,0.546942709076097,0.831887994875722,1.49166718268149,0.146180514043385,0.114049756847933,0.00238886725403437,-0.16208909498106,-0.0115777757602529,-0.252331496890206,-0.0722710741568492,0.0681894533448704,0.241624999880309,-0.0227152500443425,-0.00869111736794378,0.712169778849421,0.848259973663983,0.847420894548722,0.858316029614856,0.286676154626602,-0.0160117437402309,-0.424259806214022,-30110.2835081464
0.501906173476476,0.139359030852415,0.263113455304584,0.109971498783075,0.16072939213876,0.135451456053345,1.68669310853495,0.0156133395284027,0.135975503798671,0.0156630263756869,-0.112456507572776,-0.217032923761722,0.370439155114864,0.244799675675441,0.157207306151457,0.619133364487512,0.0422488386265422,0.418963812935512,0.163159089621939,0.100842383448753,0.168043571334181,0.519692343207912,0.0109841847795864,0.17221794753938,0.117845295806906,0.0915513199702044,0.0528993256023021,0.368717503196464,0.287117296795019,0.456500967571949,-0.150774730794513,0.0101585298005916,0.225412615648376,0.0741289823188246,-0.0815257640340872,0.0661883337935399,0.788529420417517,0.00237418516199246,0.757868394294076,0.747663443345479,0.727679749267649,0.837348988223448,0.432934227362638,0.495560056757404,0.528133222528416,0.00890651963869481,0.0550107003750817,0.159625393117757,0.057377439379357,-0.0423136573009525,-0.0119773393703002,-0.0685708199915102,0.00803316170812872,0.75466451226926,0.755242042440663,0.75602768353685,0.472592628946447,0.205393752853385,0.263946469851692,0.269049653587522,0.0547693727220644,0.0228775388828704,0.115603675730027,0.0443738510154566,0.119339633916408,0.209768830248863,0.272356581379207,-0.00309541736321683,0.610050902454975,0.607909159418077,0.631182185742487,0.580914648838365,0.394222052759491,0.465179659883514,0.508085552898669,0.0210286262196333,0.027427825503212,0.054149829211943,0.0359519169903011,0.063284306677056,0.127558643732003,0.190646935550468,0.000600266947874704,0.499955431162901,0.427646011597242,0.259892053362187,-0.0670332892323138,0.570897788320069,0.539205936608906,0.542553589314738,-0.102381011569046,-0.0729266490583587,0.110768169649742,0.0221042118749528,0.0467157049571444,0.194322854512503,0.589748339366165,-0.00966715167098015,0.939215216167588,1.05962435847744,1.19660410727099,1.41722610556207,0.516868160156597,0.492806643342923,0.48769468624892,-0.45402125517326,0.0285501274929742,-0.651625005452577,0.139268341584122,0.13919499935333,-0.0780913539509355,-1.07628366829936,-0.0248336319975578,0.221824035806309,0.690665846117969,0.869858159728089,1.21652311015909,0.157364687056645,0.197609648723272,0.112098832409647,-0.176913467691245,-0.0200108947677501,-0.216287381776752,-0.126082364640579,0.0654574591867372,0.239917764730457,-0.438169504178862,-0.00961955532523122,0.842631523542785,0.806405092002474,0.768269309525435,0.929621227962315,0.393151008313328,0.0625499021946818,-0.168667189922056,-29994.5169960977
0.502850657051103,0.140586414439568,0.221012434902321,0.100908466034694,0.159632815481037,0.133140944463265,1.67095572561427,0.0158779648736207,0.182987635552818,0.0662184718686356,-0.119737131356972,-0.347406591559119,0.401671083367161,0.260495540274495,0.0987902746822056,0.618999546497252,0.0324950247068341,0.324720326572068,0.119649031962159,0.0903870321693295,0.150541966308727,0.0188788124528994,0.0108065412297605,0.22513347014351,0.122764146932555,0.0258893586419721,-0.232348022966236,0.290223156014469,0.243543629396177,0.495336286765149,-0.211031002077693,0.000748499654099805,0.25306205288838,0.0640932335531185,-0.103881478408147,0.0388660692754398,0.5825324190719,0.00144058899028007,0.436519560994329,0.533153143940528,0.616994445681386,0.87446469383066,0.257894843534334,0.338050104138119,0.41249097732996,-0.0190808447035903,0.0521322737268921,0.121378466616183,0.00956379082711669,-0.0477796912877475,-0.00832587418993523,0.546300695076735,0.00793787746135116,0.574567584752057,0.554824883005104,0.728551853302676,0.693605247443076,0.111871808668202,0.264604728100781,0.20644638270421,0.0637928691789312,0.0237851855120036,0.131753357220377,0.0477509112233609,0.122782312977504,0.212985320677624,0.195880561007432,-0.00286449876285771,0.608024466783752,0.616413296677403,0.658765767099773,0.651317839792819,0.440678958545992,0.49062314328243,0.527640610656379,0.0294740984815841,0.0314969003659713,0.120606597198823,0.0533834558093483,0.0694208732594946,0.139800168092756,0.675909623339063,0.000857080912192885,0.455748549806476,0.402732559890194,0.312628370403108,0.145675948404062,0.580663100942023,0.526295515003763,0.568531025499582,-0.128368426880204,-0.0839611527300749,0.0641170120488303,0.0532549382749255,0.0283887989591041,0.156095093269765,1.5496574696793,-0.0100925691679577,0.709072164614983,0.908431230458369,1.09176568076471,1.4282421872828,0.362657640030219,0.341152370372075,0.303144291939966,-0.440995406485883,0.0394723191281743,-0.510803873050714,0.14552305319908,0.161327277513437,-0.0682677261749675,-2.09739597458793,-0.0251884133726921,0.334697444250717,0.747306467309574,0.911236386226584,1.33706238243042,0.277342829733257,0.262319044820588,0.191912917998711,-0.161108816058862,-0.0144513561842017,-0.0201511572019972,-0.071942935404647,0.0716890845554318,0.244910412166356,0.464116515334259,-0.0094500941033244,0.682091006618744,0.748353242237673,0.851330141893256,1.11020787871917,0.469764538276662,0.0805017385332521,-0.165155494515807,-29843.7428568909
0.498978064308723,0.140043312146948,0.202220131939699,0.094287611770604,0.157571260631889,0.130051896929516,1.62073054650076,0.0158562048496449,0.187424010803315,0.0680078618979899,-0.127777505027596,-0.394115865824324,0.403343906399211,0.2587524651061,0.0716966199857368,0.622357207850538,0.0306547266856168,0.310144186418694,0.111052276925968,0.089042603623357,0.148443766570509,0.0388882967466189,0.01078812858665,0.238787378127831,0.120707168811314,0.0140289430287971,-0.26354097209904,0.275513660275265,0.232603735084465,0.512358273850381,-0.194360439209586,0.00803252274512633,0.302286850354246,0.0895014872306854,-0.0939748077894084,0.0550614329954403,0.718018661710621,0.00195608533490388,0.462725416494145,0.577144985373126,0.657963567218631,0.903139687669819,0.294439883188971,0.372424868799395,0.442993568984448,-0.0316767877783492,0.0499662401475796,0.085247691695738,-0.0116368731810278,-0.0516310654662485,-0.0108052975995621,0.701247860879762,0.00787960533251733,0.528327368608187,0.510992907571582,0.70005044051442,0.742060718058445,0.0792914206017375,0.254319227849145,0.184083029453699,0.0709108537923586,0.025408941702934,0.152170993721363,0.0550343824936409,0.125854233596244,0.217155289094232,0.274863732118013,-0.00268347585228306,0.606889651053621,0.627524807278227,0.682122982908348,0.691218618019171,0.468673431969885,0.505382162080973,0.539800463731208,0.0221478711337988,0.0293826442499139,0.0806267162443178,0.0424140996850272,0.0658386387933823,0.133850282728675,0.823213303840651,0.000734549464939069,0.415798176879048,0.360749696723262,0.274748001714815,0.127824464696499,0.533127805719603,0.493275045877476,0.540784861153106,-0.085895053456189,-0.072804181610621,0.110720426700949,0.0900640634893087,0.0477888688168356,0.181435378033761,1.48419156011192,-0.00902166957230352,0.764390981424615,0.989990969756626,1.14951888113471,1.44431778530587,0.414282155698063,0.392841918718059,0.349541470872646,-0.444588340780555,0.0411264044488505,-0.463076637486482,0.144256390541027,0.165361368661987,-0.0711305350951913,-1.99754718656792,-0.0255383821640657,0.326701324507761,0.723043869590055,0.898301990678312,1.39134490756409,0.29841508706021,0.257186538858249,0.187199924384479,-0.182366524011621,-0.0221058025709753,-0.0797195544313876,-0.0881959851894293,0.0586006054947189,0.220973088430191,0.706212195725692,-0.00988733637386345,0.585148003841497,0.682988017200237,0.795449662402392,1.04714215716459,0.428581329095159,0.0310450718612454,-0.25557827736954,-29790.4994133747
0.493546261147047,0.140386599805139,0.183572486077405,0.0855468974744885,0.154791282813569,0.126963563023117,1.51891470864399,0.0158822845130559,0.186692324946213,0.0644651846152855,-0.128772894747979,-0.441394033336061,0.403733495862761,0.256514658019775,0.0398049853155194,0.635637030255681,0.0277251221216121,0.303780175801371,0.101307806340203,0.0882176298630182,0.148310451823939,0.0903362021750915,0.0107718169268643,0.249273555091177,0.111769597415561,0.00558363044749225,-0.243206474754386,0.264846769940424,0.216705148524102,0.537898723823766,-0.178101583823288,0.0160535823277552,0.286083905469655,0.10859896636891,-0.08309174022715,0.0727304668384534,1.02502601537782,0.00269516336188508,0.530446252677848,0.638828309874981,0.682518779393174,0.850227395099386,0.348825476357398,0.419941395023781,0.46394908457482,-0.0437232276201244,0.0515804301187541,0.0581790428114498,-0.0282738840939668,-0.0518111414664447,-0.00400851278098287,0.874552805953473,0.00817951702703171,0.497327000472963,0.51062741279383,0.680035120903588,0.808532421641974,0.076740786113711,0.257089950740777,0.18551489120668,0.0703341191190109,0.0237822534072245,0.153038828012164,0.0534303142068713,0.124762409724021,0.213885806775795,0.42258148036901,-0.00268266483509896,0.560715170945972,0.609439862103324,0.695982279438887,0.733438876103065,0.475087004158053,0.500538621670874,0.525825772462507,0.0207168394842692,0.0293282142719032,0.0497461055800995,0.0386389728597831,0.0652185036415712,0.132403821263151,1.04405276110118,0.000846806371803863,0.392681042438742,0.342442202308053,0.250067868432844,0.0999750328885463,0.490679363277662,0.468898579892184,0.53276469100947,-0.0923055915507366,-0.0817091146876124,-0.0356948280734972,0.0250592784748216,0.0395169996768261,0.159269662728726,1.29949810922951,-0.008751674654038,0.783632503825599,0.949116517819011,1.04474023792525,1.21398616446841,0.333733158249048,0.344518981550535,0.286364752491231,-0.463614297674381,0.0423032932411065,-0.391272357907158,0.127527191415844,0.171601088309673,-0.0872906750208153,-1.72672837622421,-0.0266859717510352,0.285955958702198,0.653726037237338,0.860854392986254,1.49546712473735,0.315684133900143,0.228902136360631,0.157793878272845,-0.169049484904579,-0.0204443343490564,-0.0789420668146831,-0.0623122333376906,0.0606148906166028,0.217489305997098,1.09973966363195,-0.00947558598137501,0.557648100687761,0.718745080280291,0.822970558476693,1.02899445251278,0.450006224191847,0.0582933921259887,-0.287276554009222,-29775.1012284031
0.488751185230152,0.141995133065505,0.164126342405729,0.0746036160919058,0.1520531260414,0.124643667490317,1.35224520936806,0.0160310015665246,0.18334467989015,0.0577744096391944,-0.130358688901056,-0.471531913945113,0.403024578035441,0.253905708340921,0.0215777621899773,0.655009903022787,0.0233779289857921,0.297549497051665,0.0907401907505687,0.0867064119039171,0.147926772621908,0.156505355222367,0.0107093143165554,0.247082404916261,0.0998779351832785,0.000169485030700588,-0.207994708289751,0.260148919794553,0.201342107703857,0.548890938635579,-0.202360725683496,0.0112345591515756,0.115684266474015,0.0547042636811396,-0.0931071400332737,0.0565258959900243,1.53128249804141,0.00290547731344026,0.526541418180537,0.562435562296059,0.552508463941115,0.660398603504495,0.2773054014107,0.374632378904626,0.379535620857167,-0.0580967575026307,0.0545223446557281,0.0367612819205311,-0.0384354168500106,-0.0517368358894727,0.00388221697485024,1.13824518795283,0.00862213045262443,0.496154775486604,0.536279531549373,0.67493641653055,0.835716790589665,0.0935982206194665,0.262423453572443,0.192825798786,0.0657590465336131,0.0200431249177076,0.132619997033859,0.0438421039192374,0.121166415032705,0.205715763219377,0.629896841312406,-0.00275168981750362,0.514224962568483,0.584815637086863,0.69559139020069,0.747708276393303,0.46326128528847,0.48780144117577,0.505282793396936,0.0225997551073076,0.0303586574227594,0.0217980362156049,0.0350404025666877,0.0661132752644123,0.132968264331492,1.33318407674181,0.00112365696871261,0.387892178522555,0.337990622658458,0.231494339385275,0.0471882043668078,0.466562072771115,0.453116709352911,0.524108109669109,-0.0674445165839882,-0.0775637193043782,-0.00545110522864352,0.0319713814887516,0.0493414329015146,0.168837437492167,0.744339097012354,-0.00787780612609786,0.831851185926595,0.968309702709302,1.05203964737738,1.20797441579144,0.368212270327706,0.364726358141824,0.322289664259941,-0.482871965346965,0.046379832627223,-0.327563916872134,0.107049461912155,0.185459055739586,-0.105688143209826,-1.28272961152862,-0.028143858970463,0.273271277385469,0.623052388223554,0.861480115054343,1.60180906735579,0.346456473243085,0.223150290639459,0.149908564800473,-0.157003655024946,-0.0196325323677173,-0.0939012768520929,-0.0466253022554623,0.0619778809114308,0.213094951361052,1.77772672179744,-0.00904682818360124,0.566292761554468,0.74102383989828,0.828020007117242,0.997767876839965,0.455347898856141,0.0801371067258378,-0.287072761472296,-29747.8302573243
0.487078791076914,0.145325920454408,0.131738859266202,0.0612499584320309,0.150097612136623,0.123993402289145,0.693681282555955,0.0163942960684217,0.180417742113971,0.0470406321285449,-0.153797588665188,-0.451145925467211,0.399748659150366,0.247557060382161,0.0408571049609761,0.682577173693383,0.0173104701077658,0.270497972693247,0.0796065094600113,0.0843440631425145,0.145671343515179,0.311268318593575,0.0106405606693193,0.234538167623133,0.103890848920794,0.00742328331769063,-0.210385940909412,0.267588394725963,0.206722279111283,0.521373100947707,-0.202238755587209,0.0157689179157531,0.181900484888043,0.0577673102768753,-0.0881911787106384,0.0661763468908667,1.42015822408636,0.00329785726377575,0.48364989920559,0.536456243984767,0.565835165823367,0.752488195564557,0.283251393725732,0.357895601357007,0.395694219650407,-0.0859882520904202,0.0568887691752535,0.0220748150890269,-0.0427494510891129,-0.0556707731807356,0.00466527854774741,1.4061071606263,0.00906553942505917,0.539260051417202,0.561783617377935,0.697995143244756,0.735463791628871,0.104428875550808,0.2589473489689,0.186219794518509,0.0688045912356312,0.0169423728704112,0.100450739258114,0.0333453072530808,0.120176611411492,0.199750722632304,0.939091380410431,-0.00256107036421029,0.54238880884344,0.600421258941709,0.693946627842756,0.719430385290905,0.461547105137506,0.494115152741816,0.51120299167942,0.0255177020251691,0.0314928648467127,0.00398217412953988,0.0201768798232175,0.0671591961848089,0.133596236771308,1.51639740702413,0.00152285172232469,0.394137295453123,0.323229358802418,0.215157205029792,0.00776385223135075,0.492577500491034,0.445964317093635,0.493388066623207,-0.0648591595741801,-0.0786096054171093,0.0218278448731649,0.0322921000806637,0.0499522805934269,0.167079114871145,0.849169974070467,-0.00771933698879943,0.635935261191387,0.83731919148195,1.00595280701148,1.26610127982146,0.33530928503055,0.302772760171243,0.259683625043972,-0.492599703858228,0.0540320603957521,-0.407148586748658,0.0844703459188333,0.208519844469509,-0.120396943158449,-0.656774116941501,-0.0294667686625425,0.357465541255558,0.741754150198143,0.969922253566387,1.57317436601855,0.37697695841412,0.28117866664666,0.201169084889708,-0.155142704422867,-0.0240065901434492,-0.159949169200308,-0.0829590352272869,0.0570774026948841,0.19818963198857,1.83182528904479,-0.00874631205122977,0.592740639253035,0.668600861326128,0.746883205939545,0.949221464757925,0.408504040371861,0.0337944116199746,-0.262065275642996,-29723.8800307431
0.479030565541547,0.148083778732713,0.0901483519921193,0.0387209642194328,0.144273744162133,0.118408016301535,0.220980442015457,0.0167403986936848,0.153799436668355,0.0139540800002374,-0.177726723446848,-0.439905746822294,0.388003573677012,0.228691652815168,0.0235254002356767,0.724395003041234,0.0108645477659752,0.243958055810425,0.072202959100903,0.0834886515491517,0.144619846064747,0.465206682096076,0.0106454961569005,0.242214014045645,0.111427938747732,0.00936238257577547,-0.231484807674732,0.275842384842425,0.211663463221836,0.509790121855499,-0.209082548495379,0.0185563720415491,0.195860609167659,0.051268017700787,-0.0868397386488648,0.0691853959500805,0.920548910087429,0.00373210880650057,0.433656594284668,0.516854087689746,0.565729504227435,0.753044062821524,0.279407124624638,0.337056024960898,0.394738163167898,-0.123883850294448,0.0596287458654659,0.00538783784616353,-0.0574789366958703,-0.0603054952029853,0.00507408732971133,1.09573625723287,0.00965193586724042,0.530032201876951,0.518067230430396,0.675004921037583,0.74047419985115,0.0866604687601727,0.24440765085244,0.173774397412148,0.0771869150416282,0.0143991447901004,0.0793456083538984,0.0229277700094696,0.1214607599261,0.196501034086453,1.15994228274685,-0.00220588800858121,0.571443796555933,0.612137868103149,0.697579316407046,0.717199328003763,0.477884641744482,0.497311211386647,0.518770930624228,0.026307119614938,0.0321623179045976,-0.0234231921339569,-0.0022895915051674,0.0670643712549851,0.131919715569854,1.31324195906656,0.00197547153377443,0.35550989137312,0.285983203709962,0.188505930769465,0.0190816199075449,0.476207393100316,0.428856303706323,0.495414596832183,-0.0505316139257119,-0.0786353864909342,0.00219955940151443,0.0317621143618526,0.0542902505774321,0.167808474175626,1.28482453137769,-0.00712455579639456,0.670735335174877,0.839557338811602,0.963388446272794,1.25479158122409,0.329302201297629,0.306117723827871,0.269030114949708,-0.527142530758653,0.0559673705686211,-0.579591019957985,0.0295896821330295,0.225923154520036,-0.160983446710615,0.225399090047146,-0.0316740693134245,0.403394014080236,0.772922650477128,0.973163759933092,1.53883520563239,0.346679994082129,0.272963638852473,0.19237264673914,-0.129715760530978,-0.0197748285804157,-0.091231841015664,-0.0778835949297082,0.0660189890780393,0.205358629594507,1.60297140551833,-0.00801712999203821,0.567273625859878,0.703831083291648,0.814811787739335,0.991446789932924,0.457867880156074,0.0396087305592806,-0.263361087544066,-29714.7749409926
0.476499958847828,0.153885259752482,0.0804308199196399,0.025803727051273,0.1415409879902,0.119041738765999,0.395436410274155,0.0172509124787193,0.152533384177117,0.0165262902598743,-0.162182406892956,-0.43320082098009,0.400620691385778,0.229663995953128,0.0139435286368613,0.769070853545037,0.00170457622306056,0.213632292308146,0.0548645432719641,0.0801469045365803,0.139915143649907,0.552562716219627,0.0104937605467146,0.234693028550067,0.0912254814601988,-0.0076189998571512,-0.237930066040727,0.263711461125322,0.1877536499696,0.503415669309863,-0.218509447946372,0.0205335547662958,0.150201337563931,0.0321104431079032,-0.0868426372029091,0.0688342730026414,0.595109542497578,0.00431591145005523,0.422517427928489,0.49061007419358,0.533551560705754,0.708853543771216,0.26878219936984,0.323655778629693,0.377324049789889,-0.156238715453008,0.0672204131898845,-0.00277175485508051,-0.0639975346972189,-0.0576550356462114,0.017099882751669,0.658315807022039,0.0106106670669524,0.511025250364927,0.506184328843442,0.670903460762044,0.796625435176466,0.10352170100756,0.248915667395938,0.182536487021033,0.0786908909068784,0.00912386728409434,0.0465872354558227,0.00342294582952827,0.119101447381206,0.186783205148459,1.20814970866531,-0.00200038158371778,0.549864347868579,0.590225224084614,0.684654656206215,0.7216366969224,0.466913545720203,0.476556468353918,0.50025883354932,0.0286864483328519,0.0338626609281773,-0.044210631370679,-0.0166029005562843,0.067923237636767,0.131430281948295,0.97605642104723,0.00252925849601389,0.32395153476175,0.26083158498438,0.171388102256443,0.0293703221466687,0.463346929661679,0.412416844195547,0.486246450209881,-0.0399987749574563,-0.0808002917652005,-0.0566067112422973,0.0143213559627223,0.0562113806519339,0.163052695572723,1.39887767027042,-0.00655283997782121,0.689793681258977,0.827776773533362,0.927072022022396,1.19033899188633,0.312166349168416,0.291795959929951,0.254237143825419,-0.534231235672645,0.0687807270589939,-0.551875689051108,0.00766811582649212,0.259794030956591,-0.175036336093834,1.01915048913338,-0.0334681423886801,0.47270551828919,0.826223702661953,1.02467886170789,1.66142515091657,0.409163994280709,0.311644004459468,0.235422749549874,-0.128603860817487,-0.0248019005401828,-0.172357346087026,-0.107415472144409,0.0602941417613707,0.188072877034923,1.29660736491312,-0.00773324631602293,0.492750581461747,0.640567068291063,0.743397568679247,0.942188909670717,0.423284281479303,-0.00429155837171542,-0.331568245920456,-29688.3002644676
0.468416902307569,0.15726303978015,0.0350255264474611,0.0066554462709713,0.13609662072234,0.114915007149444,0.720624706448395,0.0176113693579631,0.164367324267191,0.0206169723248153,-0.19041410455036,-0.474814057270209,0.395145716811364,0.223676282813441,0.00966269493427795,0.82152079107475,-0.00543745698411832,0.199249593085271,0.0407060485222945,0.0801601406439077,0.138815866549449,0.614516691252378,0.0104309229327785,0.224973928488888,0.0844232357597169,-0.00556538154592373,-0.227148478061108,0.260117833707632,0.175796803329472,0.502726005660498,-0.227897188053006,0.0230568607046215,0.100345371625082,0.0102784173508299,-0.0859123367121922,0.0682873964526797,1.09567213683546,0.00501848521002182,0.403635870112179,0.442249557950964,0.490012741799345,0.720593418323371,0.253630741645939,0.310797720763613,0.357209516197096,-0.204629068915797,0.0687762681978941,-0.111668319329108,-0.107255621948262,-0.0628656560144887,0.0083032049539019,0.567055212092879,0.011509543044157,0.488756658121122,0.498240868216122,0.655529018092439,0.751928879886711,0.085696485956057,0.236804222465947,0.162318142979948,0.0883181863069023,0.00589391809211192,0.0348192174528154,-0.00851571311036228,0.120493157064227,0.182197501107111,0.949076450428693,-0.0015626949613286,0.531523639061301,0.580416945995963,0.683697567433085,0.740255972161226,0.465201767631191,0.465051003572888,0.48539846089052,0.028669501832067,0.0351214478171499,-0.0703409764151074,-0.0260506183818881,0.0671035253137972,0.127082074549932,0.83566206106729,0.00307056154359409,0.3369591979649,0.249617750949603,0.147658901101973,-0.020027994354253,0.480491100390509,0.39748212016067,0.429428942868996,-0.0290621330614189,-0.081821589312066,-0.0252129747715632,0.00385618058412142,0.0597836671642986,0.162190488089644,0.997065683310326,-0.00606137442086363,0.558612766881974,0.754246047299675,0.960637911049969,1.20897146537198,0.323623324827028,0.241285631613009,0.208473991402232,-0.544365224068561,0.0761422429275655,-0.541426439186474,-0.016647918059088,0.282481413842405,-0.191043821645122,1.61855270260716,-0.0350514816051994,0.497228232630939,0.843782662029833,1.06047156617675,1.69689589929712,0.425855943477069,0.311589925060855,0.232190381989722,-0.114160284786249,-0.0248594546391747,-0.190081066371938,-0.112225753302623,0.0617940239346324,0.184223954221511,0.985998722002374,-0.00714720169811942,0.525798888515924,0.595039101664041,0.697916542878322,0.962075657635167,0.401324781965009,-0.00167171452028173,-0.278886094254827,-29675.9978849936
0.463307919571173,0.161564606776993,0.0130970770836876,-0.00947905862193542,0.132257288473581,0.113598796950454,0.863233568257496,0.018032628061649,0.157627146194769,0.00456857695005767,-0.188091555771054,-0.463979815924049,0.406236938476106,0.217164697046834,0.00462907731384602,0.868522506095105,-0.01432820586378,0.156276225966432,0.0194638358646941,0.0764099365195859,0.129194357703345,0.832824760583274,0.010237043645395,0.213652877771071,0.065060299150138,-0.0415609088729216,-0.273905217749048,0.246595692923198,0.1554831672154,0.470611261670263,-0.237321104423591,0.0266853594652449,0.108495835162652,-0.00116767886068636,-0.0839975656768494,0.0687345377626585,1.28908688407584,0.00566287711599058,0.367536094001797,0.436209528428071,0.492573404773234,0.722474079254081,0.253998141337673,0.289814033080167,0.349238936075541,-0.22850138365521,0.0780297402072338,0.011454770953055,-0.0826045151316919,-0.0550085946964054,0.0184800923055052,0.842015148291428,0.0124422714898693,0.501619953576613,0.497167412357052,0.677870367627108,0.787914694158509,0.111083398927117,0.242068146834581,0.170269963546679,0.10068190422133,0.00404010474679127,0.0226602256597263,-0.0164280914440452,0.123657274715099,0.18092165293176,0.740065044249535,-0.0010457686240964,0.541439217410688,0.583522190983844,0.684394930702924,0.744107110952546,0.4715889037534,0.461613644109746,0.483026847695983,0.0293226223496245,0.036340636797776,-0.0941031044919465,-0.0428560150795553,0.0666681872828269,0.123994143994107,0.987801422028677,0.00364935983619771,0.312371014183919,0.232323271387303,0.159754486210854,0.0397890594520994,0.450827041563424,0.382311097016728,0.482190483222338,-0.014180364355253,-0.0826171955758504,-0.0618533243552591,-0.00358592708434752,0.0643966520534415,0.161311242916001,0.448728035970484,-0.00540356365444237,0.55413018706355,0.751625075136183,0.891354670170171,1.21635809085643,0.305223018787612,0.24902982097098,0.220660019068434,-0.559863878546506,0.0785767002870763,-0.672387465333404,-0.0562743689961007,0.296734767211131,-0.214899582661987,1.4152878199686,-0.0365469618953094,0.504232639128895,0.853515596604606,1.06331050865848,1.6510270565625,0.401672934677415,0.291137633434922,0.220144432847785,-0.102123345177933,-0.0253988739331275,-0.197462298605044,-0.127816564697504,0.0628181055928684,0.181130600081429,0.826172432572351,-0.00663384853366323,0.478219383607802,0.591618868413328,0.715050769202332,0.956285963227837,0.40968582067441,-0.0230345898428751,-0.332713295513029,-29671.2329503159
0.458166502678189,0.167321070307879,0.00989307978882895,-0.0271792134234035,0.128279792064452,0.112863760700885,0.839250704112426,0.018557828403563,0.13295903260502,-0.0135679933686429,-0.180063934535828,-0.434700786714705,0.40911080418901,0.205522899336623,-0.00362523314755845,0.933746344010294,-0.0189786095031162,0.155787462547991,0.0153266340745314,0.0796903582647913,0.130613059532454,1.07379752154184,0.0102589894028528,0.214656906371754,0.0660150143633694,-0.0275815119536936,-0.259257764811333,0.257175915170097,0.152465116479553,0.466163586932143,-0.253286600548147,0.0296835340088641,0.0935945002524297,-0.0182717664347968,-0.0841204958691524,0.0632793403321633,1.11300780535104,0.00638102497931458,0.361198589525268,0.439350194290436,0.484095426891602,0.666911615461798,0.25362460110395,0.270415471246851,0.340483423583624,-0.276472671081826,0.0779168943720904,-0.0758345204861388,-0.114047220855497,-0.0592901999604522,0.00529173842022876,1.20399469665734,0.0132996548678027,0.471323741479,0.435501432175527,0.616487026400121,0.78080327171972,0.077552629976304,0.203793841159991,0.143536135337834,0.111458660192719,7.39488370994912e-05,-0.00127320040977262,-0.0331400466810469,0.125344691043588,0.175092143789371,0.784070053674633,-0.000522618099526695,0.528553776075563,0.561322400196767,0.666294063542047,0.735087130469159,0.454693145168358,0.437696390853133,0.466369751501004,0.026105578571404,0.0370325666972815,-0.0922374513532124,-0.0625518884513269,0.0645321304931135,0.117768304063963,1.20090210902217,0.00421514623601756,0.283839714659882,0.229723199171874,0.152826425512921,0.0604743750468471,0.447922816144784,0.373384106847173,0.454456212696695,-0.000105333967288849,-0.0857283780787759,-0.12339355845527,-0.0230007927413164,0.0671592234661869,0.154408726215029,0.465845753244007,-0.00471283735461246,0.606438155791278,0.754405298206894,0.830971562608349,1.16676166623428,0.283398272624907,0.255581716431597,0.219075801884476,-0.546876480341855,0.0893612320408476,-0.674792198135664,-0.062570201462802,0.322748287411841,-0.212984407170672,0.683828046701095,-0.0374521281269341,0.52852188809358,0.887651856079446,1.08864852315805,1.72133033820463,0.435805386794959,0.318653006917399,0.238853122846396,-0.088888178963124,-0.0263851600585332,-0.213031894730156,-0.144864191181521,0.0635035072972818,0.176527600723431,0.746578973593164,-0.00607491000992485,0.429828394345464,0.597653148994631,0.719672975791654,0.943549594842322,0.416239277731862,-0.0487587628843736,-0.373632665745258,-29658.7951873968
0.452125191423353,0.173041655326346,-0.0160190187064632,-0.0442700319904421,0.123218254011624,0.109127005826383,0.79035620472865,0.0191316103752609,0.137794959951067,0.00249178540875483,-0.216205320680054,-0.48036937746409,0.395423790302794,0.201204346149715,-0.0123680236848621,0.986719919545937,-0.0247672658479195,0.150761181249728,-0.00271385454596789,0.0783180584232946,0.124141590602971,1.07921801612551,0.0100412974716179,0.172272309403299,0.0289292753024525,-0.0446581233516101,-0.234982636937489,0.227969870614984,0.10784183739497,0.458055189832407,-0.268020421054089,0.0336593023885877,0.0407929367889706,-0.0312894985384499,-0.082438215815377,0.0584877766508337,0.703753515171811,0.0073084229597354,0.392170981852498,0.400524580622101,0.44738314544458,0.696084582265421,0.247925705236774,0.285808205785281,0.329238859623515,-0.299405242498819,0.0817453090254663,-0.129919802974175,-0.131538408574188,-0.05278609203697,0.00733050838003513,0.786508445057437,0.014391263794119,0.451186344263899,0.483076621001299,0.637710190661806,0.781305255002609,0.0924364730046851,0.219987980150908,0.159691082520484,0.127674813210749,-0.00215631578851894,0.00808456883220108,-0.0413803531608394,0.130223296409449,0.173329458766592,0.836838334550547,0.00014728754715533,0.486595599396479,0.543109465406635,0.658706866451128,0.757027455855518,0.453015925024625,0.415437302725724,0.443363768981443,0.0239396231470553,0.0388561162958485,-0.113803838340573,-0.0603292762107778,0.0635651084142357,0.111246221691929,0.88252180478194,0.00483499647663382,0.35810475294288,0.258465289977809,0.140631736947202,-0.099760801249578,0.506887499091321,0.375396029762951,0.386950770492396,0.0110323042139962,-0.08859337166438,-0.0589036960698348,-0.0407785183926864,0.0698940282350514,0.149377535459504,0.7690888344448,-0.00423279864583446,0.529405664359573,0.686456292255755,0.956133355954955,1.15000044779264,0.330216504104278,0.189625064141874,0.158882331681323,-0.541810846801139,0.0924096131804111,-0.659134770802364,-0.0918070403285541,0.335070298394153,-0.225957309120882,0.297402673684547,-0.038252757555514,0.467251199631031,0.78565796265564,1.01564189141741,1.78110077962469,0.398791520712034,0.270516667427372,0.202405529597692,-0.0731676471856808,-0.027081192848612,-0.229521151923735,-0.15102593015144,0.0645928013058272,0.172268482913492,0.90193484000903,-0.00547166697062156,0.479782434265772,0.54946207966589,0.655414520893402,0.973053135846402,0.381509038070282,-0.0393517496878765,-0.325469297380832,-29650.9864060517
0.447631661481128,0.180073666788866,-0.0225079846373737,-0.0560564391069602,0.119138288012191,0.106937529531695,0.687642262285059,0.0197638441113918,0.125545570892957,-0.0339185701688175,-0.210641172410829,-0.466008022130197,0.399202874516297,0.179760440588617,-0.0214249225630909,1.0464645261962,-0.028337573160218,0.13967443551211,-0.0175940364770163,0.0787201943041965,0.118356320838749,0.786412915582555,0.0100133766645284,0.165146590011199,0.0297317826718982,-0.0628520412120396,-0.250343339549506,0.237312614494712,0.104779196473093,0.420874561620088,-0.289469959694248,0.037528821188649,0.0369803246955782,-0.0476045930567336,-0.0813902524543733,0.0511030519183004,0.929271364958265,0.00817922945114933,0.357075889728275,0.419704263774563,0.458615386404583,0.713296869666166,0.256675714995364,0.265364896850917,0.30002881674824,-0.331695944883411,0.0842794383673811,-0.101433942194661,-0.143399428070929,-0.0486508099092998,0.00111282552984335,0.219733534677407,0.0153025868384633,0.464533611152647,0.475855471244598,0.63728402749141,0.730497355664007,0.103483270327225,0.198144684139512,0.132096775277017,0.145113936801082,-0.00450509741831776,0.00862837460168287,-0.0478821429682519,0.13585382381891,0.170180726041451,0.678465498593948,0.000875707849199295,0.471681656470443,0.525874179384638,0.644928847214848,0.72164814341621,0.445139458228191,0.394239277893118,0.417010105271509,0.0200264982338147,0.040773953518173,-0.112001981690234,-0.0738212935408075,0.0635447345185253,0.10913990002354,0.655898784502031,0.00548746043895623,0.259666497888457,0.189564628625698,0.159241336662845,0.135993852087754,0.409011888955709,0.338969141648544,0.472183333997142,0.0243858785510372,-0.0920142736537143,-0.0730954828423859,-0.0541129289113283,0.073754652620494,0.142618222500325,0.80635887504172,-0.00366478112506564,0.516068496285772,0.73336518409402,0.841570308580506,1.17992616234979,0.288420894925887,0.18936392730021,0.170971826621826,-0.519358476784719,0.0950646257071646,-0.670346270844908,-0.107879490762189,0.344515059795702,-0.23162538699865,0.574498384799531,-0.0383085514073339,0.437839690470348,0.788982492160458,1.04744405195498,1.74550463897682,0.383784907180638,0.244703046723047,0.164237475654964,-0.0593164589654426,-0.0285959234453174,-0.249699394401189,-0.165913346886122,0.0647048826017985,0.166867395565016,1.26050521453359,-0.00492317225123331,0.472726159332003,0.563251911311026,0.676925000162152,0.908917181772082,0.38405038145584,-0.0695854939737619,-0.364676592175426,-29642.2668824648
0.446158965833417,0.186698447434079,-0.0169457326165096,-0.0680903777336141,0.116708896305342,0.104755623924616,0.453584511538044,0.0203944766499502,0.0808642334542212,-0.0500513703769695,-0.214436420529636,-0.428039510759997,0.384680298744482,0.157539491524083,-0.036520844848947,1.10225704681689,-0.0308701964091578,0.121631081409209,-0.0280783992777793,0.0773999919324007,0.11106685582052,0.576702589785433,0.01000153639702,0.154401184468084,0.0111207364779702,-0.0694025086434441,-0.261262320074306,0.215569291736715,0.0845890171872894,0.405877013513773,-0.312454615281687,0.0411430071953513,0.0993944604128953,-0.0512772185975956,-0.0812174163070142,0.0438950060725932,0.93784285867166,0.00885890935518194,0.332609320134654,0.420504127737832,0.48842014487922,0.702364759556866,0.238578607958393,0.229335714882906,0.324141128049904,-0.35938299699661,0.0874362305146699,-0.0375682175859392,-0.140676107199999,-0.0425338912199803,-0.00268568776942328,0.421091607197688,0.0162069790680308,0.437783695309258,0.412770198638382,0.607046669059438,0.808505690570839,0.0708759730459197,0.167232138148714,0.117190534470858,0.159064084575287,-0.00692626313791621,0.00464629357663946,-0.0559483872963882,0.141002933087124,0.16666073095368,0.545935341460263,0.00147185959047229,0.459037462890871,0.506042263601243,0.617693262840409,0.7099427353359,0.422548362853606,0.375597379902678,0.41125936004607,0.0183231584588205,0.0422237220348593,-0.109844582166656,-0.0984653384516068,0.0639640961828124,0.103522754765135,0.814413251649682,0.00617131024714001,0.305710209565321,0.28172737725126,0.126793672055177,-0.0514774294841258,0.489430617255956,0.351675196132195,0.366499485960454,0.036527095527438,-0.0949223788056267,-0.144734966889858,-0.0529824361935005,0.0779451309864063,0.136784837803946,0.739397491807465,-0.00317960535801609,0.572238223652815,0.719667764589634,0.832749820809943,1.15784828752489,0.264519463378802,0.214232719615852,0.190029182058671,-0.495300268209478,0.0950212088556462,-0.729109001181659,-0.118387156042463,0.348424397955535,-0.238282892771152,1.04114569912759,-0.0381579223075883,0.428911520819481,0.81554213241723,1.04003621511233,1.69548843932184,0.371582827985467,0.229509245199792,0.162305712202274,-0.0479055942769995,-0.0288071869995558,-0.20605980991283,-0.174207333219873,0.0664277189925323,0.166091481077859,1.07461848068298,-0.00460282148107086,0.366977641377911,0.565952121062349,0.69830194678327,0.938379347537803,0.401607828701848,-0.106925114944521,-0.441385744955972,-29635.906743158
0.446418357200824,0.193832748643763,-0.0127542598543872,-0.0833795797672099,0.113999686353936,0.098018232218661,0.30159299637615,0.0211694220547669,0.0643868357654481,-0.0461233789280862,-0.246149344158279,-0.476100655046651,0.364960611121484,0.139077430831175,-0.0697916176366866,1.16624187977899,-0.0331074249919236,0.134980220233711,-0.0380261749906671,0.0733313335319157,0.101713387794441,0.579097913074974,0.00994995177504587,0.114312924334368,-0.00201960361954959,-0.0823916759488856,-0.248705801063336,0.198020963573433,0.0441197810116391,0.365928486330491,-0.337256650951136,0.0447316994789008,0.0726121223550585,-0.056686411467161,-0.0803267366562385,0.0370453428588579,0.616874802559782,0.00986445941390426,0.368809045513933,0.421709316464598,0.441545231836888,0.67771302326251,0.238789989225091,0.237194373661769,0.276279664807104,-0.392334972668705,0.0891751238579584,-0.0651860171693761,-0.145127044676819,-0.0362343962097491,-0.0108980440219309,0.8509094961747,0.0174280372726657,0.413584513038199,0.438055193426633,0.600984619309539,0.798699678872796,0.0548130169140938,0.152303581075291,0.0994295760057712,0.17155773784641,-0.0099242262354489,0.0150768181250514,-0.0647893999362591,0.14640735434898,0.160792304565103,0.585493566236009,0.00200940439711828,0.426680257191405,0.494074621463276,0.599469822172285,0.70502245038681,0.419337983174698,0.352426195518129,0.383317713485951,0.0157217003688231,0.04578740783621,-0.0993049494799087,-0.0939658074320377,0.0673916053511716,0.103847986803004,0.874685211951114,0.00683917514785522,0.252520006256576,0.112873808200595,0.146648478674804,0.0146066383377399,0.410787019284393,0.296024485502667,0.432637667740356,0.0464386571627897,-0.0981433142515061,-0.0744095768284689,-0.0599671714382976,0.0819572742152844,0.130596861159168,0.70861770464624,-0.00283398230777952,0.553376885665575,0.704029646393741,0.879882045112896,1.12970076513098,0.318364411999687,0.162899556705859,0.10019609600289,-0.4692725174823,0.0936980140591507,-0.729057180481374,-0.131498225410538,0.350132838918414,-0.251049886497078,1.12001856829685,-0.0381689268172019,0.414140751000353,0.776026758596898,0.972664879109509,1.6945400638519,0.366767725049662,0.206706453775123,0.14470603887795,-0.0335600449919041,-0.0292281184137653,-0.231351076565934,-0.182739833614976,0.0687460615745027,0.163284070531428,0.616913649411466,-0.00417877272729151,0.408792543421079,0.549743915868762,0.648997916660488,0.935620159303185,0.367668837105567,-0.0956211815759141,-0.402262113336066,-29629.868977312
0.444599375710331,0.199138400583055,-0.0206102321745764,-0.0889720034378499,0.111085678508683,0.0897232723431637,0.431098499606166,0.0217069300091738,0.0635056342380372,-0.0992508848606242,-0.253351990462438,-0.503836963038603,0.353674542982381,0.112185459167225,-0.0975530588295757,1.2229074270271,-0.0347215737332946,0.138806598228424,-0.0498851896629935,0.067309438682086,0.0921646433650932,0.617850295707817,0.00993528234076226,0.10503033725676,-0.0229574441999372,-0.0984468734324571,-0.273650407905635,0.17208236506882,0.0152900734089395,0.348663782003148,-0.35782074716207,0.0486221184651818,0.0610969829786341,-0.0639141088229607,-0.0763286664992078,0.0375608754764817,0.604870849520391,0.0108298446419814,0.288975491388251,0.360849875352389,0.450349719057608,0.701238429747144,0.20822346338921,0.198868323163245,0.254725449237751,-0.425263216824679,0.0897017047258462,-0.0661679054155314,-0.155270102215298,-0.0310634993788221,-0.0176478337973779,0.712871429967791,0.0184871540785034,0.415215409826034,0.444422353984901,0.615660947141093,0.732354280986206,0.067478655333502,0.136633569351519,0.0742452869756992,0.179449431283201,-0.0131048026020823,0.0286778357698409,-0.067246725527034,0.149533302574173,0.151693206663438,0.730049059311527,0.00239236181905093,0.402058023810716,0.46862715270462,0.599531869597804,0.694069582502674,0.405814036680331,0.327227380004155,0.352921636737112,0.0161793005791218,0.0492770586938307,-0.108011679760927,-0.0981641926464454,0.0715803443895315,0.101604350089944,0.614598462293599,0.00756102191545226,0.173622617580073,0.231556482255025,-0.0361509260440292,0.0155960108966455,0.394030632092764,0.287878239627693,0.342907015497194,0.0597641416425108,-0.100234178361187,-0.0491034605777088,-0.0704024128791053,0.087312536896327,0.127012213822753,0.538396177693638,-0.00224678997038678,0.485434842041818,0.694530233715208,0.818751588016909,1.18240422461072,0.19236267490266,0.115642806503381,0.148405291692757,-0.445182821601123,0.0939928926819968,-0.674753970861683,-0.135125041028445,0.353882757494257,-0.260938043112557,0.709718196691813,-0.0384343843202192,0.373081434694325,0.729931638470387,0.983384125158282,1.72208410016739,0.378375541227371,0.192024287246643,0.116491737947663,-0.0203757556264815,-0.0293850898160858,-0.222679654234669,-0.18135387832782,0.0693852943520445,0.154935651873014,0.452144315398222,-0.00375168368803014,0.394021203424192,0.509396013141094,0.660122859240988,0.907670534454091,0.356953730718383,-0.130486464318322,-0.454949121229277,-29625.4231075433
0.445659323502327,0.204922643964476,-0.0167445354171009,-0.0937328461138973,0.109442562239029,0.0823928257302753,0.498157562250442,0.0222943262090276,0.0236507926842182,-0.0895039048878824,-0.298922020847063,-0.49201853300852,0.329571396562386,0.0851314298911121,-0.112433985055523,1.28539772387763,-0.0346328132971223,0.134338604860301,-0.0552680368952545,0.0607941189049745,0.0843922198533859,0.642327324569246,0.00992716777908907,0.0856652645519114,-0.020745511141782,-0.128975691620435,-0.296441318393458,0.147523398967136,-0.00318066550710343,0.322486405167205,-0.379960022895271,0.053162792720975,0.118430394047326,-0.0649871204786314,-0.0711561269252614,0.0357891074482973,0.840050245537665,0.0118703191374884,0.246395132652795,0.355731415222931,0.387087021309609,0.670682525856948,0.174447775363021,0.150334482845408,0.235114863886761,-0.461873900913748,0.0907177951006443,-0.0226823983210377,-0.150402926850654,-0.0235555180429755,-0.0212788094001636,0.260095115143343,0.019630087697251,0.389904435407765,0.40599788779541,0.576517488369037,0.7362459197042,0.0271999282033221,0.106047913560187,0.0507577695584416,0.19009276204975,-0.0159533474589799,0.0360804799260276,-0.0671836450789786,0.153709875690889,0.141142693377049,0.670940016335494,0.00290440159323908,0.390935943079334,0.46736948504707,0.578601746275037,0.684002826339201,0.37395840542301,0.305064066021072,0.334586689959538,0.0160428983696232,0.0510541468754242,-0.105261852890258,-0.123921120700137,0.0728636421627511,0.0901187759411467,0.415879094796146,0.00841272263719451,0.205227884033707,0.0988206037694264,0.201946707724809,-0.0717964615989968,0.392897963426205,0.236301456120087,0.303450942743812,0.0759331668839298,-0.101789405936799,-0.08174621300975,-0.0614936193736616,0.0929816958536025,0.119937923564476,0.409918672946147,-0.00149281782419322,0.445725327806423,0.662170104258514,0.786815268086205,1.16916787010552,0.211333726297098,0.101167911039973,0.0383243436916129,-0.414836983673037,0.0945758925270829,-0.673145362770697,-0.13688044594501,0.358672542197706,-0.26914215983553,0.308739012400664,-0.0386456781515036,0.365934506876046,0.773001648542056,1.00948874304527,1.71822124465559,0.349244749490052,0.180331478618271,0.100606414414235,-0.00304149041587902,-0.0292204054309307,-0.190736514515026,-0.189779927236416,0.0704155425352773,0.144655464319665,0.546205159485577,-0.00313701689161011,0.334871562098969,0.505838919489845,0.612639857715738,0.925034112665195,0.323660363734381,-0.191167495348797,-0.474392264045976,-29621.6629431761
0.450805556612299,0.209458609685238,-0.0035239026665925,-0.099290630292769,0.109042877775427,0.077374213047968,0.382225763447619,0.0228674283348666,-0.00334124411905327,-0.0937872871295655,-0.272480431390535,-0.505444853583062,0.309155058540916,0.0645169414213595,-0.128978658780799,1.33945941836298,-0.032365413024504,0.134604631060921,-0.0540379643843948,0.0551883244530773,0.0802682982475161,0.610625786388193,0.00987849793361829,0.0506499911976266,-0.0536010275337336,-0.105856732553336,-0.320894779511669,0.135135542541372,-0.0292697145517494,0.279653323307905,-0.397597124053655,0.0563974508622446,0.135349270118205,-0.0654617494099708,-0.0654759336879561,0.0300596516366022,0.623745753734988,0.0128461727481697,0.261356213787577,0.334448124955307,0.388409779988089,0.613616284218729,0.163386434953286,0.139612931885176,0.204971588814939,-0.49111370148192,0.0921182505329584,-0.00470783890469198,-0.135993299352205,-0.0140500374762736,-0.0226369799593888,0.0289928210574758,0.0207754257538468,0.349724409272236,0.362701494584404,0.555634439559699,0.772122635018856,-0.0131629733800005,0.0801747436221489,0.0240658882200181,0.203990625232897,-0.0169624096925541,0.0459676777981363,-0.0663626858752758,0.159235975898924,0.134155470381892,0.297848656450666,0.00356730381284008,0.387552996342863,0.463634042977115,0.575093432166134,0.680433315054729,0.352491482772565,0.277522611518004,0.311248898201122,0.0154096021449953,0.0527341495676029,-0.00970605309601931,-0.0936708037594836,0.0716072398289325,0.0716603519332368,0.657051910526336,0.00900412355951408,0.231760369919661,0.124487250360429,-0.0403579995387678,-0.00267688283068053,0.360467743309257,0.219700580426519,0.341601220292968,0.0884768690143174,-0.103106354089394,-0.0497472303280203,-0.0526050477181888,0.0963486984914758,0.1093227052521,0.432288778262483,-0.000870164631320497,0.423038460291654,0.602942129975357,0.836641543810533,1.08029535070728,0.257178544623263,0.0719383544385829,0.0223766369968144,-0.383473097674622,0.0951381634159539,-0.727752311203638,-0.146104206488691,0.362995728531839,-0.275636357453623,0.436588144445516,-0.0386439315250842,0.401121385362679,0.808782535869179,1.02447586752515,1.69170917096803,0.293665917303459,0.151185179283897,0.0828627970289652,0.0168623706718824,-0.0281475026238484,-0.206626685447893,-0.20583280818553,0.0730861671690663,0.135240428328194,0.691860760277287,-0.00239316104637287,0.325249897271145,0.480554198128459,0.601620328350422,0.908248908380577,0.289600262676129,-0.203195915373776,-0.499649580988971,-29617.9484255607
0.457179528286314,0.212948218156862,0.0188000452020167,-0.0928532029707918,0.107222975599982,0.0684844360297582,0.236479494303697,0.0234233515508053,0.00549556054615058,-0.128480469206982,-0.309780263801708,-0.527612108123393,0.288285764252716,0.0384585545412828,-0.161721823968359,1.39530346760404,-0.0283471171330352,0.148895449188383,-0.0579958300654221,0.0478079000805916,0.0727432905200011,0.450017491768735,0.00978100692264542,0.0281345212397131,-0.0866414521940636,-0.176650543711031,-0.32086178631667,0.0955787902753494,-0.0784278057485729,0.25670065501526,-0.418544759519019,0.0581557908830207,0.108489518934645,-0.0587783560362084,-0.0600644706669681,0.017299677901806,0.0457686275562429,0.0139036250245529,0.24296358753981,0.310617787391828,0.362928366433915,0.637607053610675,0.147035538623819,0.124954523752237,0.189845991966813,-0.525336908379053,0.0917868372425071,0.000961483070483177,-0.13056407076526,-0.003721633070426,-0.0313602052982412,0.235699694868104,0.0220786960246047,0.332783939901796,0.36614079363748,0.547697043314051,0.726460640457797,-0.0135352641904055,0.0523633714306011,0.00383714228993963,0.218895978044011,-0.0177247087298708,0.0709409372287851,-0.0608048080452874,0.164320664956012,0.12469448169359,-0.010318641489709,0.00436564103161958,0.359923090362954,0.433609573834526,0.548426177866644,0.67661266889312,0.322233569834696,0.234915589507585,0.271776828330636,0.0190776047602314,0.0546346112552386,-0.178221376989032,-0.0909103457910445,0.0748296833374928,0.0651396216156909,0.603772846193188,0.0098384253072402,0.100208048695693,0.154593681329271,0.0859984944415841,-0.0474815694733356,0.380681400544877,0.243174695607348,0.274394649118321,0.102861633185338,-0.1044304182311,0.0071726308344891,-0.061032870484336,0.100853905659111,0.0984621709342066,0.443476098148159,-0.00010710382940169,0.406369677466002,0.616897644650937,0.733928693825101,1.06675196420909,0.147642411608933,0.0512928271921639,0.0809757531649397,-0.346144368874065,0.0964571453180945,-0.713701179492103,-0.150209708125153,0.365650162905413,-0.286542551007656,0.724056156082752,-0.0385337518834306,0.378659363062319,0.738284313702167,0.966835164460891,1.69804429097986,0.260866253914299,0.0899488344033291,0.0268676401184485,0.0358264533554654,-0.0262886135601517,-0.190333197281202,-0.186014613836043,0.0742841312751986,0.121594430063774,0.700508389193534,-0.0017856769625397,0.312356362094938,0.448666834324848,0.587179413571541,0.841335874627655,0.271437296035938,-0.225152533963819,-0.540010883980288,-29614.9916108337
0.468504963096915,0.215569150267892,-0.00729961083637029,-0.0841552320581502,0.106135413791867,0.0582079673792237,0.135123004420571,0.0240986559480284,-0.0339337014752547,-0.160617679283474,-0.331703067711362,-0.547774908727649,0.262129645067458,0.01031314286904,-0.188323821201535,1.4512233409579,-0.0226359356194662,0.111263894655355,-0.0663793944085112,0.0394596275796595,0.0603875249177628,0.21783218293279,0.00980916003460899,-0.00617800133535583,-0.105194916608518,-0.19436105408536,-0.342981199230082,0.0614087265692832,-0.102458195482744,0.230643476693762,-0.440912778259012,0.0583256342522569,0.10723551765303,-0.0438440638805576,-0.0552590994621868,-0.00155340919184282,0.0411397091090478,0.0148469959921426,0.200375340696226,0.325214220963012,0.392813841137723,0.649667961190496,0.121138722646625,0.0986320837731435,0.169461836141681,-0.56132136755327,0.0897921211774354,0.0184923006189637,-0.130148373499542,0.00708986311153687,-0.0460751155592221,0.495480968188813,0.0233402283888623,0.329017911757756,0.380899659961349,0.540671325114153,0.662579505126118,-0.0204772611353662,0.0311957317971616,-0.00683106217492601,0.232489437105075,-0.0185637340727032,0.0765044578417777,-0.049640484106103,0.168112496175017,0.113378440893551,0.137147607315148,0.00518698281665876,0.305452576453556,0.395585774861791,0.528943420454199,0.630037413969681,0.294458248226324,0.203355621414755,0.241546484820635,0.0159944558011171,0.054782496159337,0.116091000756002,-0.117225464365229,0.0745681376248518,0.0592056352760551,0.0195196096987718,0.0102492425694803,0.184925517375873,0.13614241977635,0.0631477354123361,-0.0967172622469226,0.286982892083094,0.145118294624084,0.260223034283213,0.118158291444495,-0.104593885629961,-0.0929437697330404,-0.0581277932687005,0.107686667973341,0.092428484449832,0.317021184797502,0.000708425494860291,0.39456213104563,0.607000579934918,0.704581369263604,1.09393698707886,0.128938079344548,0.0288617699667579,-0.0281308962737619,-0.307112201711668,0.0992597155355724,-0.639432649006385,-0.141237359012685,0.366762693639741,-0.299736855516542,0.640756758513532,-0.0384048040287825,0.278280780789711,0.654000420126027,0.904232666261234,1.6729092709651,0.260165658456253,0.0525319303537592,-0.00411933941893745,0.0513964039069022,-0.024530882655693,-0.168304744333056,-0.165198718947968,0.0746844929288355,0.11121819869249,0.566209514645156,-0.00136980011978725,0.251232472402234,0.436557861580993,0.545893894817448,0.825891937553182,0.262515930822485,-0.258688164018137,-0.561461384044644,-29613.9567526338
0.473726037773041,0.216629224430792,0.0169715245218333,-0.0901448992920914,0.106551116994901,0.055779705994194,0.0753336907696166,0.0243545401512093,-0.055989421511358,-0.152204209602009,-0.333804149626817,-0.558646334318518,0.247491626598122,-0.00299608282709032,-0.193951110344753,1.46726898137444,-0.0206849642529974,0.134588619501048,-0.068156845920791,0.0367036088138756,0.0557895820573597,0.184912680179843,0.00982284818201302,-0.00662126491364362,-0.110402742622202,-0.180446673326543,-0.366717536025818,0.059772127929538,-0.109855838992653,0.220869548382896,-0.447318232227467,0.0580896888227805,0.157713667317416,-0.044825016945755,-0.0543105458197171,-0.0065965221347923,0.442963607573931,0.0150898114667168,0.235080765515252,0.321977952880125,0.371184038118858,0.62782134524953,0.113774071500699,0.0875873588978448,0.154356595784422,-0.572445289621289,0.0893766030152924,0.0385614591172334,-0.121721972479037,0.0104387697234495,-0.050017255059904,0.352312378964954,0.0236410610726976,0.318445664152482,0.347102118541461,0.518517093363223,0.692441981652178,-0.0517297058851781,0.0206021814850573,-0.0301211107143078,0.235318304487152,-0.018952605354543,0.079742127049306,-0.0493891970162621,0.169057710447171,0.110643963814683,0.352743562253788,0.00537191228713137,0.301324136098801,0.392763226205355,0.513558196282203,0.613104384638363,0.285361528181251,0.201015480505537,0.238333337088368,0.0205719076652492,0.054746951219837,-0.10480556525722,-0.0929160528453019,0.0763890072324963,0.0581831164725286,-0.0070184039241283,0.0106489722834368,0.181941751819241,0.121286579103257,0.0237854885258753,-0.0474654131077832,0.29204462433049,0.159119610807324,0.257241309429826,0.117854159734718,-0.1049309181115,-0.0245749700128913,-0.0487763300906181,0.107400793587361,0.0871202441443998,0.264558049512121,0.000673219283945689,0.392149315061346,0.579983634932407,0.755413846560272,1.05239216002462,0.148773530636878,-0.011717398395857,-0.0306678726961967,-0.294517143558942,0.0999961905030611,-0.678504008342407,-0.139621422770256,0.367313127673372,-0.302757690447522,0.413875114633232,-0.0382846895952675,0.275904076541508,0.681411604165607,0.915408662895149,1.62453828477858,0.253539136574889,0.0691698751260739,-0.00186387593577039,0.0569677628383269,-0.0242183851339213,-0.184944960530418,-0.179528059539464,0.0758906227257812,0.111374300252097,0.414266929064811,-0.00119488068013315,0.26102040519425,0.429396984988338,0.553251509370148,0.833218186115809,0.24177535617935,-0.258945359613326,-0.557429428278131,-29607.0161975358
0.47639161274702,0.217124642540086,0.00460856396112429,-0.090737145593863,0.106818105296056,0.053675038123549,0.0852350990437556,0.024484215588298,-0.0416452244036911,-0.159696219531601,-0.345701951862767,-0.568808958719611,0.241646198155223,-0.00830500186510072,-0.200571737640505,1.47515948307518,-0.0199703077137097,0.123559641595672,-0.0663662362480308,0.0347699558410943,0.0529896624013538,0.270788167299624,0.00985306218002029,-0.00979415140610976,-0.106885759470319,-0.19141418853692,-0.35355605673634,0.0525926493390524,-0.116751720229178,0.215933351303523,-0.448591316676488,0.0580225034995686,0.140294665929762,-0.0479287701719322,-0.0526142661874961,-0.00528094513414735,0.440383826629069,0.0152975322973306,0.224378892039643,0.318892979914007,0.376783875961647,0.608809592719355,0.106726244120603,0.0797609364830146,0.162467018427238,-0.576394918727762,0.0891969926597524,0.0179215831519029,-0.118779281096966,0.0124414184012131,-0.051025658425188,0.12925734017759,0.0238709710493439,0.312694659863346,0.349756271571971,0.530900160126874,0.693943060935401,-0.0549035377781258,0.0148444657177488,-0.0258560925078779,0.235920252329757,-0.0193052789323185,0.072941176477799,-0.0514720873943272,0.169581566102037,0.109385548600816,0.26738799361472,0.00542662553053897,0.308722915219381,0.392990974827328,0.508099337093398,0.60838200041891,0.285167603972351,0.197508162793385,0.23797631621409,0.0211285178749037,0.0558008123112847,-0.0572458602815168,-0.0874512053181273,0.0771621564977823,0.0563421171049486,0.381520870934763,0.0106646677561938,0.129582116806539,0.103305930410175,0.0313698847753502,-0.0585435796119889,0.32035094491123,0.157424533766846,0.231212948998944,0.118638758077835,-0.105451625726404,-0.0172591228851763,-0.048477641611116,0.107116853061604,0.0840539213621615,0.262073850978069,0.00073194770768353,0.380184634186271,0.592966785109169,0.747468379525189,1.05072474117248,0.124762632662753,0.00386313687280137,-0.0144635000120714,-0.288710953785845,0.100074762121862,-0.696371747526487,-0.143755587789539,0.367391850210373,-0.304762995323076,0.387665697027315,-0.0382502465646772,0.288806554565409,0.682382926378476,0.912853414216504,1.62116126571434,0.2382039297018,0.0668628342887135,0.00876941885947665,0.0588907637667863,-0.0243213542430328,-0.179982141542267,-0.186629117338994,0.0757934129547559,0.110699532882446,0.358041301555832,-0.00113602382484467,0.271411345358644,0.428336211691648,0.552382228122383,0.832253384262252,0.232689290377817,-0.273792244789092,-0.566875287782712,-29605.0991081264
0.479010648164967,0.218005998719811,0.00808366158435743,-0.0884838723993624,0.107051585957594,0.0499716618620133,0.128055529657332,0.0246011826487066,-0.0570005576238306,-0.161624995942094,-0.338828346649117,-0.572015678483636,0.237325885355873,-0.0217221251377628,-0.215354991297174,1.4895650915381,-0.0186267584017959,0.117894474585525,-0.0679215494828237,0.0312312923003709,0.0479457494132374,0.303844445168454,0.00989604746480666,-0.00566838339194978,-0.112521827397643,-0.189053082033346,-0.376585644257421,0.0493618324114502,-0.125923205245571,0.203984839908253,-0.450840387196421,0.0585529973738782,0.138447803159327,-0.0440768952863512,-0.0489125345604768,-0.00224033323502763,0.268304499175495,0.0156422320900797,0.202360473948143,0.288125983563984,0.333476739808548,0.617803651435476,0.104175332846545,0.0718976655011753,0.129214898978942,-0.585376975881469,0.0883988344005955,0.025693324945908,-0.116952293661865,0.0151764856612318,-0.0541188434192631,0.0878843454291492,0.0242357330919635,0.314587311646011,0.350718991370923,0.522607259708722,0.69235549060025,-0.0580606568170414,0.00727572584440627,-0.0452143381630773,0.237231625936369,-0.0197409577675844,0.0717631609570735,-0.0515129732273825,0.170446551992038,0.106542487270324,0.196815068792859,0.00552601085382383,0.301159509496054,0.388097238172091,0.510559259549571,0.615873740241222,0.278062140489975,0.189356336233492,0.226041159651542,0.0279644002756353,0.0560821160676433,-0.0601906973822121,-0.106165611528352,0.0788082458983239,0.0507620749682032,0.42991514848306,0.0110953241378452,0.123832765069488,0.0917254993706417,0.0151909053501016,-0.115554571542595,0.275815060559299,0.174318354267405,0.270318751099415,0.122111794607598,-0.105866053941771,-0.0241650564963377,-0.0476722867194189,0.107652254044868,0.0803251718311642,0.215530122615662,0.000937400872240731,0.36843826248502,0.574475007576035,0.727312287822231,1.06825181673488,0.135627338408459,-0.0109795414194129,-0.0135465353241171,-0.277795613293899,0.10068747267914,-0.689689605756985,-0.145570675120487,0.367390150949118,-0.308314904130842,0.410521153739264,-0.0382334089138648,0.283707543709397,0.677105932611789,0.915268131967544,1.62896778385613,0.240654945440508,0.0524000318425626,-0.011073317707756,0.0639055094071855,-0.0241181296274899,-0.197840349392751,-0.18234949774497,0.0754162796846566,0.107532030679567,0.394574750392268,-0.000979660453135445,0.270293984904486,0.427038010483513,0.553246504440142,0.826013941602075,0.226743357605725,-0.279735770736583,-0.580615256443472,-29604.8077488645
0.483726614863384,0.218849036734703,0.00514139835854823,-0.0913801418043751,0.107355050606632,0.045259537417154,0.110370127462616,0.0248073183235128,-0.0595272750226088,-0.168647104017524,-0.348658688748241,-0.573862301757051,0.227197790135141,-0.0225939371780726,-0.212959030045911,1.50687439514754,-0.0166440121357139,0.118419856739543,-0.0711791643091972,0.0278818425535801,0.044110633104591,0.276538185630666,0.00994906704821754,-0.0182321674575565,-0.117371648642987,-0.193010848225501,-0.379723109890181,0.0356572759537039,-0.132334859585269,0.197031738984551,-0.454021677243626,0.0585173075499557,0.143276170706363,-0.0453257133442026,-0.0456335315638231,-0.00233363424919053,0.241549342350593,0.0160393071251014,0.185275248612838,0.28071232298431,0.340256945925566,0.582742788159016,0.0809046243554764,0.0577827709004318,0.137472077663088,-0.595676514523635,0.0874156879575806,0.0424999324679161,-0.114286515381705,0.0185863809338793,-0.0579645461890955,0.158635345982283,0.0246635508971005,0.310790187200786,0.341990292811617,0.521724761104688,0.686092375196919,-0.0695910714453373,-0.00219363984976231,-0.0474697602380629,0.24067254726366,-0.0198977406304679,0.0722188532118014,-0.0511486209244074,0.171868909918966,0.102836967698965,0.17738166886298,0.00572228516487218,0.302218950041935,0.389699816426915,0.511314923683123,0.612034738493822,0.268042125199396,0.18264451052091,0.221618140857701,0.0320190818814735,0.0576521677952237,-0.0666606698112937,-0.0889690822216262,0.0813410126047284,0.0479103386311762,0.240994572098155,0.0113314705502035,0.10672700974682,0.0686560752896209,-0.00380429155180553,-0.111612889371803,0.303840105834477,0.128574825300293,0.234641252795371,0.127007442559559,-0.106138514477918,-0.0300366954537169,-0.0489682234078939,0.108641689454965,0.0760874264704461,0.19311782690444,0.00121521701200723,0.366706024777415,0.578133416532722,0.726933501967016,1.05182804239843,0.126692076037234,-0.00968462925382772,-0.0339694610070894,-0.264626210883659,0.101077329560663,-0.697891171500597,-0.147217799100381,0.366487501656543,-0.312662081669694,0.407797257777058,-0.038160813884908,0.286159614953436,0.682440110378079,0.917465901376753,1.62124793429805,0.222922992911026,0.0425152123973647,-0.0219277295290299,0.0700204407422825,-0.0238074643365862,-0.188992991399863,-0.181676793254063,0.0748176640221106,0.102678115255851,0.430990149170998,-0.000779916491174236,0.254617321503343,0.420380477708744,0.547599947695347,0.820060811658703,0.217483733951362,-0.288399455274763,-0.580569122563056,-29603.4896991776
0.488610716528686,0.219721019501798,0.00296212792935835,-0.0901424615641539,0.10749405688149,0.0413079770283764,0.0420573233935737,0.0250116647234088,-0.0653937336613191,-0.175088343039454,-0.356351960434146,-0.584167933354147,0.229028875386429,-0.0329463823450333,-0.218516423697616,1.52333001075877,-0.0144052697764424,0.112062664638288,-0.0714888600331421,0.0255579846671929,0.0419336873006269,0.232533020522551,0.00997910731238894,-0.0328438163135571,-0.130863167251126,-0.209875781580202,-0.373864108519857,0.0337649177038265,-0.146163839853723,0.19341660652195,-0.458425654198515,0.0579220453999053,0.146036318989251,-0.0425408573396403,-0.0440983121148702,-0.00858479946704411,0.364728076602286,0.0163730035790825,0.188950306904071,0.281776992597404,0.331084191247254,0.576081628541094,0.0939112093395121,0.0503008605333648,0.131292103676794,-0.604916385926403,0.0865641543449308,0.0317987022286942,-0.11094212084524,0.0225640823187624,-0.0610326408842399,0.181290063167641,0.025090029822213,0.295053370710463,0.335224384674458,0.517927443403325,0.677460713348555,-0.0708483417756873,-0.00866532507016637,-0.0440969030181477,0.245326610100529,-0.019866815804999,0.0732424452442567,-0.049738173385734,0.173203036530328,0.0983371243998893,0.158350542455957,0.00598241207069964,0.29859268120999,0.385053575879335,0.504172056530862,0.602373605867559,0.267505524121865,0.172700651634172,0.217759911096922,0.0347877129798337,0.0581845463943584,-0.0538555804705519,-0.0949405999904131,0.0827263445598714,0.0458528660399624,0.214792655457457,0.0115107409078468,0.10721059487116,0.067413128951299,-0.00453789886358897,-0.102035120121088,0.26544425605088,0.147755469215365,0.203921570367751,0.131598610569596,-0.106031424547203,-0.0242336405759231,-0.0460232329030583,0.109928195068422,0.0726982275705909,0.251972138945071,0.00144510649760063,0.362621367038984,0.568775889657316,0.737933803596732,1.03046888738299,0.106006530192396,-0.025991086566773,-0.0334496081389085,-0.251952009977375,0.101615655006567,-0.700942248501525,-0.146554775589381,0.365386161588293,-0.317053931896988,0.3544913517226,-0.0380847841430246,0.281853645201098,0.675681027031949,0.907010274950402,1.61410753985936,0.215230520018111,0.0333846540259271,-0.0243378171019948,0.0771922093177346,-0.0231363238341498,-0.175140455636495,-0.184110178831749,0.0750677821426723,0.0983261452227487,0.370239029699246,-0.00055241596832605,0.245960844623505,0.41055083665804,0.534746667456185,0.815648298290612,0.219630670176167,-0.296779953817695,-0.59043940263724,-29602.8834213872
0.494671652356867,0.220669704051348,0.00822842741421403,-0.0895082090723781,0.107660566601573,0.0374808858331472,0.0326456256962367,0.0252518667795622,-0.0765385068128811,-0.187709777762213,-0.364425869580449,-0.590011551284275,0.212896605545448,-0.0398187620525262,-0.234980790218562,1.54153339711323,-0.0118248516054215,0.108564702591289,-0.0748421033040117,0.0228097495106001,0.03852341796974,0.204652858535889,0.0100029658865786,-0.0417312107031126,-0.143043060688474,-0.219327840707523,-0.393212147616935,0.0218850454462805,-0.150961868027186,0.180523691655941,-0.463922992313598,0.0571145421881503,0.149772455084095,-0.0378916152178763,-0.0422671657895877,-0.0171679394939769,0.341171646374988,0.0167180290600858,0.187513728972606,0.275063124582204,0.339020320361784,0.584251756281941,0.0747431411365372,0.0530094132554085,0.123437899620965,-0.615567116827378,0.0856845274445153,0.0356334696488771,-0.108057766297579,0.0276204404849059,-0.0645215429150576,0.136364558733505,0.0255606145036621,0.286437334482344,0.325670371061636,0.503494714467383,0.669013960563349,-0.0776630006962299,-0.0138642728069601,-0.0600096963328858,0.250718977565939,-0.0197919356367689,0.0784008055003959,-0.0479023542565537,0.174482732423831,0.0928653722407677,0.172084126433568,0.00629220261047515,0.280925442307814,0.368586848788862,0.492980850960179,0.595397060155331,0.25570150328984,0.165085789540912,0.205232884776533,0.0368757538510379,0.0579170576430088,-0.0540699138395822,-0.0946836331415709,0.0823483385613235,0.0400843343836852,0.292715958547112,0.0116994046322004,0.108224499541623,0.0821318621003736,-0.000694630380951411,-0.110759623978299,0.276967201802885,0.111053492887579,0.218274453315067,0.13698693316269,-0.105803782491255,-0.0137477464843729,-0.0451115805206598,0.111686172393515,0.0688558728490735,0.218183466492126,0.00171281313676712,0.353832523088125,0.558856150569729,0.712168645760383,1.02869662768837,0.104836574176852,-0.039766018027395,-0.0545196158770963,-0.23688261120612,0.102539917654087,-0.693914530473203,-0.145439750407605,0.364202258992503,-0.321860480520386,0.334388759795981,-0.037990299845673,0.261276667909091,0.65238669033202,0.892823617318342,1.61185640980968,0.209742183375401,0.0260155420096998,-0.0315042006891485,0.0857212198617085,-0.0221633467824656,-0.195247634055157,-0.181775845527368,0.0758352337768762,0.093845632900551,0.330345455674105,-0.000289818807228768,0.241171149760161,0.399294740618048,0.532461941403121,0.79945033734886,0.203966088959357,-0.301601511417986,-0.59668435304934,-29602.0168021963
0.500630813807982,0.221493018942054,0.00610383474384048,-0.0898924026197542,0.107857252012889,0.0338925703722693,0.0536581581517006,0.0254852836222755,-0.0858325831590723,-0.19313320276367,-0.372574437151535,-0.602650449334345,0.204814145293881,-0.0550848913123737,-0.240416159484075,1.55796804844917,-0.00958016459932868,0.109525352969848,-0.077652482506645,0.0196953830166015,0.0336794859336881,0.208561929284479,0.0100306396582943,-0.0491251683255768,-0.147108005450188,-0.222365288171258,-0.403653074344398,0.0121888615731344,-0.16405886430351,0.169785178873451,-0.468413890140653,0.0566298864202374,0.156444181783299,-0.0376104194603335,-0.0394013611101113,-0.022368670343424,0.230843166799707,0.017036391199076,0.180594392396304,0.28577263462429,0.331991448409667,0.586604127062253,0.0774596067181231,0.0325673077578551,0.112098050523991,-0.625595356375518,0.0848420132527011,0.0571166388103345,-0.105675041807292,0.0320679234904108,-0.0689176799490554,0.112063213159661,0.0259749935381446,0.28540989484898,0.318983150720811,0.498744758621833,0.660016461542752,-0.0898807104086922,-0.0281739886468667,-0.0708247789896451,0.255349765258348,-0.0197049359540838,0.0804021406510207,-0.0467736935796892,0.175789821722684,0.0886387003156019,0.197473967432641,0.00655127664968881,0.268784554289141,0.359229506954869,0.482991655751032,0.58221242796517,0.247431733823473,0.154053760298458,0.194230497199732,0.0398294082145314,0.0578858292232353,-0.0561701976343531,-0.0862314843968366,0.0817677660008485,0.0336658235498082,0.292649213775544,0.0118987997781475,0.10374528168571,0.0616412981411008,-0.00750953979221077,-0.107944144282122,0.269371211287098,0.123361729914178,0.208132270141692,0.142136195800072,-0.105853576230264,-0.0293378096300302,-0.0465250040962537,0.113321540620505,0.0647915686310562,0.13148362262444,0.00197468686160248,0.335821453615015,0.547834807985001,0.705796394370478,1.02529031621531,0.0953734750349253,-0.0371037154586143,-0.0553607305149247,-0.222812041166942,0.103603992626829,-0.693839788798961,-0.145955720834073,0.363461889589538,-0.325943409443772,0.35924067577979,-0.0379043900642606,0.247505902195738,0.647621322824098,0.886199781448884,1.59661942291323,0.206595092327756,0.018736951138223,-0.0442625135190198,0.0919703358799519,-0.0214077381180749,-0.172537529097836,-0.180518105382336,0.0760461181327014,0.0897370130317446,0.354760895741827,-0.000144386710240304,0.22516226650747,0.392844774174366,0.510216653461538,0.80057467151353,0.194447403059057,-0.32198257254291,-0.615184729190698,-29601.4540754343
0.507075394201108,0.222384996866406,0.0108287961882481,-0.0878891810358295,0.107984709166159,0.028863847134275,0.0344596400643608,0.0257088262230918,-0.09596538102603,-0.201100235109455,-0.383523763502905,-0.607141612058006,0.197224638484596,-0.0639688276086119,-0.254252706325062,1.57687171209254,-0.00696523068920026,0.105802058633054,-0.0775871991510692,0.0157624857924112,0.0268436299716676,0.22305275228257,0.0101049116762258,-0.0553250371727554,-0.152433542896525,-0.231168615259698,-0.404697219741706,0.00266438151718482,-0.17660858501478,0.159359973424325,-0.471461486525104,0.0565501742427252,0.161250493465261,-0.0358407686690432,-0.0346894979700217,-0.0244480569002994,0.252638680518033,0.0174359998043227,0.171100706329528,0.256548391645654,0.33255677162154,0.572019311092286,0.0479372116223679,0.0248546662803421,0.10542576135459,-0.63616129723491,0.0836904577328374,0.055672500587303,-0.100551076666645,0.0369038001929326,-0.0750824749463486,0.118236568485236,0.0264748126897366,0.274155734938042,0.314590931367013,0.496296080263268,0.663378592286587,-0.10116568423363,-0.0400637951738475,-0.0791075303602653,0.26026322308918,-0.0195665954400038,0.0820668150626887,-0.0455048968381195,0.177456856188426,0.084516676741011,0.147155938695167,0.00680162441563229,0.262248314534675,0.352882032262783,0.472874757740509,0.574211466978485,0.235711455912778,0.141209840539734,0.184208026956112,0.0460660459068968,0.0583423526213248,-0.0460309905456547,-0.0915237756340342,0.0829437878473707,0.0300732335223398,0.210537464265423,0.0122264821912368,0.0800061187926872,0.0501345281444685,-0.0204735931894125,-0.123373351657488,0.262774592928186,0.118326209499166,0.20094742773756,0.146488378809239,-0.105789222821641,-0.0109917459498409,-0.0402008169315048,0.114219267219923,0.0583832373311084,0.148077713012816,0.00216226459449266,0.328891340652126,0.541015266481972,0.696862133280547,1.01274484331503,0.0953504427226596,-0.0544643296959329,-0.0684191325734876,-0.206438278474142,0.105002150261254,-0.696377849921461,-0.148156125688582,0.362719355175463,-0.330266974391765,0.341795971567922,-0.0378056874123111,0.242819366590872,0.644484719675741,0.877083745789939,1.57859095387936,0.191773741126937,0.00500278598327003,-0.0552279309109978,0.0998170983589294,-0.0207094997550799,-0.189473019020701,-0.181722592539393,0.0764409581064014,0.0852662319448135,0.357482541415843,5.50409957241715e-05,0.216639378327859,0.384977297537532,0.523885849604092,0.779384119928354,0.185600097090572,-0.324360521028753,-0.616766253972375,-29600.7896026279
0.512768914118089,0.22306466661247,0.015320446199139,-0.0873892828804345,0.108004911695266,0.0235460353879609,0.00862390175554793,0.0258930519353286,-0.103806295896292,-0.210874929671369,-0.38075493001949,-0.613796998037852,0.187268156680281,-0.0683772522032166,-0.259384633572959,1.59382441449128,-0.00448595405752457,0.106825261823608,-0.0783185182799055,0.0125337618123448,0.0214085239894029,0.207739796496027,0.0101667473745579,-0.0668663123366708,-0.161644067968456,-0.235700699767128,-0.413542153007409,-0.00596041751519076,-0.181386386938776,0.148168535021543,-0.473892610965072,0.0563521685998386,0.165518148718888,-0.0307978205874517,-0.0309909684024408,-0.0276419598584778,0.292289425805489,0.0178110895035348,0.151009393702828,0.260910152161697,0.29109424262281,0.55389310622204,0.0641864287425488,0.0174706460980086,0.0848762341056578,-0.645781897384139,0.082497373444168,0.0627098937664524,-0.0955145046953195,0.0410051435499738,-0.0808105880561587,0.114988996233302,0.0269135703062882,0.267325416999793,0.310523696829904,0.49339335122852,0.653540588995855,-0.104208309192291,-0.042923442712751,-0.0877454412056838,0.264864508427302,-0.0194597317545336,0.0875325700309844,-0.0441526745249079,0.17877686759025,0.0802142695763899,0.0994288223479227,0.0070238097442823,0.254584879936808,0.346441612261382,0.470626985258339,0.570651351543608,0.226432710680464,0.133514048230832,0.174191736446914,0.0518930675363139,0.0592837191767517,-0.0475969551685395,-0.0901684631724943,0.0848728655426943,0.0276942705144985,0.215896396230535,0.0125132627374882,0.0678421720135391,0.0431463585705341,-0.0332454263894328,-0.143007780719177,0.25321204921604,0.0922641551197652,0.193422684127836,0.152490775069751,-0.105710786243918,-0.00878915797580612,-0.0422623760335972,0.115589184641762,0.0538755034773675,0.197943630707955,0.00243401825588898,0.320811024403646,0.533799096444132,0.696550439553013,1.00865788047324,0.0702399589372017,-0.0620052812404443,-0.0729769139998539,-0.190689966201868,0.106549659426104,-0.699917586519665,-0.147383955418261,0.361980210285139,-0.334443453889452,0.315516844335352,-0.037695856499303,0.230933856333645,0.62877334579131,0.866488340979848,1.57780768112121,0.178345990239076,-0.00759947937175625,-0.066173038915762,0.107306597535471,-0.0199272739286954,-0.176559072422459,-0.179671739926438,0.0764014062049133,0.0802568885922932,0.322207403185236,0.000234183653039113,0.213342688714641,0.376560826599699,0.493596786291142,0.788982631688928,0.182222629968748,-0.334663706449734,-0.627941114644999,-29600.330445291
0.519495720527056,0.223864504231923,0.0165011629288582,-0.0867761768360877,0.108245591168197,0.0175617616917381,0.0171541277188271,0.0260945705020853,-0.113205277163025,-0.210176946150615,-0.395334950060874,-0.616988949147891,0.184735165240894,-0.0790268839795846,-0.265986821716145,1.61129625887102,-0.00178707359162262,0.108066584382327,-0.0811688120167581,0.00973845522913406,0.0175232651705631,0.170121768575432,0.010212769424095,-0.0841342779984999,-0.175000076314911,-0.247504866643602,-0.425021509799916,-0.0119921339725466,-0.191991441203048,0.142938030124748,-0.476225180038825,0.0556371681451217,0.175176859644636,-0.0283345240704005,-0.0280946649474309,-0.0329860034210129,0.259174991765862,0.0182230569110141,0.133800021313875,0.224972680745795,0.306345007971438,0.540269809707882,0.0424645934351661,0.00958966028028607,0.0947900887308391,-0.655647687389447,0.0811861310587798,0.0769305186552385,-0.0927856739248196,0.0458532298942435,-0.0849745998021857,0.0948880536300587,0.0273706939341483,0.257814044016481,0.303265886723782,0.481005129356481,0.639042512482903,-0.105879791601492,-0.0502658480911014,-0.0926689824836171,0.269999008732531,-0.0194920766907183,0.0934828698653398,-0.0421317203398807,0.179608618549915,0.0737936343833127,0.113402685686964,0.00726836941627947,0.243697454452182,0.339242667489371,0.46562100162042,0.565409718926622,0.223427269315913,0.125837087103856,0.16799835073664,0.0581673486319369,0.0606228874872445,-0.0497838377658848,-0.0836576390684537,0.0869634649893963,0.0228858466070566,0.275339175402215,0.0127812266230779,0.0680054391944074,0.0307392601729634,-0.0425984936545765,-0.150876445014424,0.220483082129222,0.0768087165687701,0.163938432211555,0.15928771777163,-0.105485110141431,-0.0127383846717037,-0.0424671871235593,0.116937104434625,0.048747663059651,0.176050218411248,0.00273500726260239,0.31289522368622,0.530233712473913,0.684227631855084,1.00417507539785,0.0707252691770754,-0.0772332875289574,-0.0923934562352464,-0.173612960896355,0.107989515719072,-0.692511106333975,-0.146503521894436,0.360016934250421,-0.34133589475559,0.307347867903476,-0.0375601377337111,0.213996850525794,0.613052648517346,0.855292230545343,1.57356842706365,0.170873554858638,-0.018543588171037,-0.0762923840939599,0.116830422791442,-0.0190811297462855,-0.167671560668765,-0.179386477028049,0.0760978400546906,0.073714822895313,0.306083058327692,0.000504304940176839,0.198224932170956,0.367823508407403,0.504417349636329,0.768624505002392,0.168425978431612,-0.34456866039148,-0.641007136542222,-29599.8768940048
0.528101152002297,0.225086970249324,0.0177833386100591,-0.0856919056542829,0.10913310879045,0.0122802954602669,0.0177830670966359,0.0263486935365107,-0.123653830480558,-0.227634732374226,-0.399366402584784,-0.630926226138525,0.16963055260159,-0.0923673528690577,-0.278844978919364,1.62844343117694,0.000913818064101745,0.102171069900131,-0.082438395325397,0.00741916966213258,0.0142787807865876,0.165419416204997,0.0102679294605319,-0.0934900142412972,-0.185538117679837,-0.263848322608367,-0.437666193716948,-0.0252489799660585,-0.205952293235184,0.132984081338033,-0.478804514710566,0.0545508361358208,0.178115581258301,-0.0262290468965286,-0.0261381843828546,-0.0404024368168668,0.230398649989569,0.0186077302786053,0.14079518033104,0.249054042837492,0.292097939638835,0.548813607699636,0.0316090193284184,-0.00388068293953002,0.0747641381207203,-0.663877789697176,0.0801449884597967,0.0785660339889023,-0.0895563463009034,0.0512966871454167,-0.08791686001766,0.0909997067380115,0.0278481283789673,0.244856430237367,0.286844166015863,0.472020751276948,0.637700782873214,-0.125741659939495,-0.0646801802229205,-0.102704792690453,0.275983592298114,-0.0193358491670827,0.0940335373323246,-0.0402236519628568,0.180714523954494,0.0674425477238392,0.161190067622249,0.00752555237947313,0.236276510434143,0.333097217988338,0.456917323201564,0.554943417832445,0.2137478609425,0.116896437542393,0.161232360499348,0.0642366277633198,0.0611152063048534,-0.0353159582835057,-0.0878583828153521,0.0878096449553661,0.0140078284028695,0.231494216637655,0.0130149931876144,0.0503024707184423,0.0294275361824244,-0.043829102021545,-0.151202980668174,0.223211683905284,0.0705731330578394,0.156442677082399,0.164689911920022,-0.105315442250426,0.00221339980276629,-0.0337389332016986,0.11738022845847,0.0423615374954634,0.112962776291908,0.00292491604660618,0.301769266605093,0.51385747583141,0.678039803401568,0.984887502651554,0.064041127872747,-0.0840405506825917,-0.0960215187260882,-0.157100197016283,0.109171654258079,-0.690963288159431,-0.14713924383621,0.357216987909654,-0.348698851676497,0.316595103832736,-0.0374512686714336,0.207172234737857,0.614686330535663,0.852821241758266,1.55337272946141,0.163963575470262,-0.0248835223109739,-0.0848933090288583,0.126478779400891,-0.0182410973208315,-0.182261988397989,-0.178397569340653,0.076122146483052,0.067616791501254,0.327646939078322,0.000754805642043448,0.186184414331257,0.365167561679673,0.491023200238844,0.764597339134666,0.157136774865271,-0.359618318656214,-0.643040799801781,-29599.3969251398
0.536875141351346,0.226295204865621,0.0207186406296985,-0.085030030915528,0.109928610891304,0.00752308600284307,-0.0136567305522397,0.0266014240387298,-0.138143655694613,-0.234707873856196,-0.418157801678113,-0.648704444910837,0.153453002119544,-0.10907247189017,-0.295401886894544,1.64535414368969,0.00330602013044856,0.100636253850693,-0.0838209085245745,0.00469857386641373,0.00831574879031691,0.187737688146824,0.0103629128795488,-0.10085230162856,-0.192495652446445,-0.266561588386053,-0.444856165518302,-0.0411732216456357,-0.221625073651418,0.1138541887314,-0.48195894893006,0.0536908857383907,0.184175159524526,-0.0214592581936863,-0.0237709263663182,-0.0474304304771438,0.272195686091306,0.0188937563385096,0.14378875155399,0.234244158204402,0.314358761170044,0.544601672627635,0.0246207562584192,-0.0175772091376942,0.058387838232843,-0.671260358296091,0.0791020624976395,0.0813968733978402,-0.0840752078901893,0.0557694924443895,-0.0942950715348972,0.0944242279408554,0.0283149690843223,0.235212147090639,0.284772578181459,0.467381769956022,0.626645699979482,-0.136758594431565,-0.0818707142611813,-0.119594820712217,0.282828508256512,-0.0188967909720976,0.0966352187069179,-0.0397575737354716,0.182340676405317,0.0619593383409077,0.125844975042889,0.00778952573567409,0.224442573536309,0.323004831908648,0.446469159608382,0.544399932816589,0.196341442860604,0.0996547346366297,0.145165096956894,0.068779182300361,0.0606038414391844,-0.0354209759775178,-0.0851881424306192,0.0869272370294371,0.00459293833737877,0.194175233525191,0.0131691431203472,0.0456809265429143,0.0182660252223876,-0.051070278722024,-0.155979356463837,0.234255349660036,0.0731095547836005,0.176227531408273,0.172049117339308,-0.105207311867219,-0.0070478532684427,-0.0410779490602943,0.119196184077518,0.0382393765904826,0.14454561564669,0.00319940592020566,0.284004073620666,0.512527053637151,0.668986113433158,0.980161397619533,0.0433812673103289,-0.0895159713053779,-0.0960732211179341,-0.141178622298818,0.110853997103921,-0.694454719842052,-0.148615161306303,0.355403857635982,-0.353364578792611,0.306793466899224,-0.0374191991326771,0.198829845430239,0.604250504256362,0.839179581056143,1.55012036766998,0.153319732730424,-0.0380722152008339,-0.0920538519408504,0.134562289792945,-0.0172513608536678,-0.161911344028969,-0.175717005228772,0.07627762703007,0.0625902696715364,0.310115740902361,0.000870132503386261,0.181743166080284,0.34096204077768,0.477933364777506,0.75160687214465,0.150286512049514,-0.364792827127241,-0.665286837117798,-29599.1140814215
0.544945664024008,0.226958602763442,0.0205507499079938,-0.0855373751182976,0.109824969849434,0.00203208943035963,-0.00675140505288399,0.0268045493016352,-0.147514435276597,-0.250208820300187,-0.420333042224505,-0.653131312333604,0.14645310599362,-0.118393899746118,-0.301802859978215,1.66249088046808,0.00543952544752516,0.102895157714744,-0.0853745027097907,0.0015678511674785,-0.00180034299679597,0.191814932279367,0.0104885436599964,-0.10894754567951,-0.19666584739772,-0.26936870881694,-0.453330590225697,-0.0497916903444401,-0.234029790206379,0.108001600876848,-0.4821024529613,0.0534740028537108,0.186888424282782,-0.0219273454236343,-0.0188845830864134,-0.0532051633934559,0.260291756907795,0.019224799661725,0.114677603426633,0.24064631228478,0.28480005939484,0.530570719110064,0.0129232057168416,-0.0247338243457684,0.0681770921632192,-0.677928894802514,0.0780156965195062,0.0976090783720604,-0.0818485853121754,0.0601801816326847,-0.10355059614077,0.0905475102274483,0.0287512135105621,0.230831353850304,0.282542355573448,0.46489293450368,0.615396282096116,-0.143971862695379,-0.0898090488918449,-0.124192847164071,0.291314848998366,-0.0181974202314168,0.100537209641257,-0.0391619646191977,0.184193686579677,0.0565930209075765,0.0909726649698162,0.00808392897282879,0.207817984797925,0.306411453356364,0.435213820380151,0.531646951595993,0.183876275558337,0.0832618643735218,0.132086286350874,0.0736563574512727,0.0606025529212082,-0.0398327787620706,-0.0800342696093297,0.0870520271917403,0.00548703855532897,0.213646310496078,0.0132900883678806,0.0376679033032113,0.0145838078038463,-0.0577699172019572,-0.165365269893368,0.215574553282492,0.0665102628437546,0.15458942592209,0.180689573673489,-0.104135758689785,0.00101341387243474,-0.0358294901372464,0.12121250298208,0.0323657057034224,0.166225702827584,0.00344947879642422,0.286174418790137,0.491014581560717,0.652295430728107,0.971537820821428,0.0423258541684619,-0.117953604219385,-0.135461552221869,-0.123961696192313,0.113308453571188,-0.697966593710678,-0.149896839916277,0.35427995575874,-0.356894435142146,0.308048995173844,-0.0373843702750793,0.181807453595616,0.587209690597733,0.831067595475465,1.54433230471929,0.139818590816017,-0.0554221547417612,-0.105594833374859,0.145170614018335,-0.0159796177285752,-0.174839861668832,-0.179663012656386,0.0776261845027586,0.0591876962451107,0.30440873770222,0.00106461228848257,0.159993213740807,0.351364132835624,0.467866764104642,0.736760606975296,0.136319044206941,-0.384644951580401,-0.662452330292962,-29598.8352403158
0.553184721283561,0.227550707127935,0.0231056721843824,-0.0835346617334211,0.109445872344653,-0.00417055028890536,0.0146837923670706,0.0269728472211984,-0.154186164458919,-0.247808903365259,-0.424556073234529,-0.654380664252484,0.142937303031742,-0.122960479988472,-0.304896938813658,1.67864486986562,0.00766915588115146,0.102117726298934,-0.0846171157409634,7.46446585201332e-05,-0.00887577204747741,0.178861193856518,0.0105618513615952,-0.120087476162995,-0.205421542013301,-0.278061217233596,-0.457517740098483,-0.0546331926923843,-0.237113178094505,0.100920982078836,-0.479539434521897,0.0540003885932635,0.195710492854068,-0.0193756997123726,-0.0134403444218731,-0.0577398477734372,0.215968793044631,0.0195860553909884,0.109419803098465,0.202255410194865,0.26597975654934,0.518102677693572,0.0108158950967506,-0.0359620606157463,0.0429859091372055,-0.6830222209243,0.0773255623593751,0.101379972352335,-0.0777157266181291,0.0651341152889442,-0.110303984058727,0.0876285764179241,0.0291405344496554,0.22578522713257,0.272424660978253,0.457063795406695,0.61818504844834,-0.148253636265367,-0.095528228989261,-0.132128726122231,0.30003567682488,-0.0175064672400184,0.102128514756769,-0.0364124474462034,0.185781256389231,0.0513324897137198,0.118709267361684,0.00832691821698847,0.197702152104618,0.298590422197347,0.42446422847972,0.51797325382718,0.17931183699229,0.0768414448144381,0.12370795396322,0.0850613327918553,0.0617349667965204,-0.0338843191618855,-0.086480402278753,0.0886302516606893,0.00577796463373134,0.229663940416117,0.0136726652996327,0.0308685234104893,0.00515196141971914,-0.0652823890473769,-0.174016508608011,0.194333049394323,0.0317417710769727,0.12832293160184,0.189647457477758,-0.103515106656181,0.00359553482753333,-0.0321543267507811,0.122509879859729,0.024804731842115,0.134937836336854,0.00368095266074127,0.259949786836824,0.495652501942516,0.652884711330315,0.949847145392635,0.0202859989373824,-0.121300498112565,-0.119244205708684,-0.105194292546242,0.116030622265906,-0.696044569868372,-0.149736946348542,0.352795425186485,-0.361662797377868,0.315542830603549,-0.0372656495766242,0.1724410912865,0.58139163541323,0.823296264063552,1.51921496677489,0.129101229300949,-0.0642136235476816,-0.120320038562672,0.156909013315646,-0.014565968885709,-0.176163763530898,-0.178831747465555,0.0784700073024639,0.0529893901216199,0.321055526372702,0.00127909100759571,0.157363648434246,0.319544709567856,0.463418192361082,0.734680648615703,0.1257680550984,-0.392817171149824,-0.682103662223839,-29598.5711742915
0.562566917087701,0.228654694287919,0.0294235351156464,-0.0824115443095689,0.110203398603906,-0.0101349768251776,0.0128441791461404,0.0271285185344834,-0.156144049895587,-0.25110486335184,-0.426164406578042,-0.661894657900685,0.133313971481498,-0.134819986107878,-0.318640217689346,1.69365149448577,0.0097512132364886,0.0989669071281839,-0.0863000725127992,0.000425710053680747,-0.00896781595661868,0.161689100985378,0.0105907328243566,-0.131120685467725,-0.219440423061664,-0.292368061710785,-0.466681170007789,-0.0628729538203752,-0.248560387329297,0.0890288146801914,-0.475441272373957,0.0540485684099502,0.188616516941108,-0.0155556665711029,-0.0104722404277376,-0.0614274378277011,0.251040842293502,0.0199617076571709,0.092824564693457,0.204505813276604,0.267574511085541,0.496433135598756,-0.00958257481914954,-0.0488136097184582,0.0306868871779152,-0.686056380606189,0.0768648916522026,0.0975143322766319,-0.0751776157990623,0.0698862361827758,-0.111370893864557,0.086661152760811,0.0294818809484736,0.211839144949356,0.262421560471013,0.451390488670037,0.612919622327664,-0.162362535391834,-0.106614108093359,-0.142886864155363,0.307655307691801,-0.0172281632752363,0.10442334917165,-0.0358280571863607,0.186591735413447,0.0457270466261522,0.132715973221951,0.00846972127152513,0.197104953602213,0.296981193456841,0.421624883420649,0.515908773514145,0.173933786148113,0.0714050596051261,0.118856502446262,0.100726336095011,0.064174621152435,-0.0275467251018391,-0.0780455419568379,0.090315108713145,-0.0132431441956361,0.2210358979747,0.0141344255836047,0.00508877384637741,-0.0069847781981277,-0.0791827681351364,-0.198746114636264,0.175315414225553,0.0184195003213194,0.120695151246542,0.198390742895582,-0.103462319832517,0.012329223164602,-0.0378873854045373,0.122979912685725,0.0182080646032541,0.139027061398795,0.00386857298841891,0.25938227794346,0.463200950524127,0.641676365894412,0.965979056490321,0.0314075194335595,-0.116750526638648,-0.133496226437081,-0.0850175468562362,0.118291050952671,-0.695915236851266,-0.150560472808857,0.350199162403418,-0.369890263290832,0.295561196998439,-0.0370422312446338,0.16386830923766,0.574114977455055,0.807314796073028,1.50363733260726,0.118824473242103,-0.0718178983685737,-0.126334046899686,0.167869740087623,-0.0138712110021698,-0.152998510373192,-0.172689518760691,0.0770510084634547,0.0424025721377943,0.30608251171058,0.00145074180567869,0.14701058671272,0.332341827696559,0.451917083489766,0.721354344809199,0.124365725179545,-0.399994875423869,-0.684382195313359,-29598.4858282496
0.57463736597449,0.230133059131124,0.0279788027581993,-0.0831237750393806,0.112015618010027,-0.0178317973177398,-0.0163833812677144,0.027314049081204,-0.171706282176444,-0.267747418990031,-0.440559547603982,-0.671044198982826,0.115870070055146,-0.149491898111352,-0.335287832970313,1.70889726361864,0.0111907518007881,0.100238754723361,-0.0879853514468593,-0.000311240857498407,-0.0126867445870226,0.172518802625737,0.0106931341081525,-0.144785014484407,-0.226828128706518,-0.303865007425137,-0.491286841108473,-0.0798846145039622,-0.265634637087282,0.0740365997718698,-0.472002863844214,0.0525959263526263,0.210541831355507,-0.0135466064572213,-0.0121727946801009,-0.0691553891016107,0.256528293163556,0.0202235822547402,0.0871121401234578,0.200831001259672,0.254419723983985,0.514020020246618,-0.0183450191483524,-0.0595793396787349,0.0271072780615455,-0.68586765721609,0.0762971244465951,0.113424633625788,-0.0741346406746173,0.0726200099172764,-0.115609971995935,0.0934739755985457,0.0298008976081707,0.200807492680291,0.255588311827103,0.437904580274921,0.583314004600813,-0.168763248931611,-0.117237428168381,-0.155000326926702,0.316220859524114,-0.0171151112141441,0.108853814542504,-0.0364807156159062,0.186698813259361,0.0377036959707777,0.110153731634791,0.00856078752188832,0.189618021258522,0.294586495328131,0.420821915248222,0.519602872003061,0.159465363279027,0.0605059721115612,0.107217215286187,0.10972671588558,0.0659011136224836,-0.0264188481314767,-0.0802235190136603,0.0949104666664143,-0.0241420727510647,0.223075891555259,0.0141409113174971,-0.00618634338037898,-0.0329068962124125,-0.0993564513217466,-0.208708494844584,0.179117486532225,0.020673732543828,0.109869124021818,0.206975908088109,-0.10340537869191,0.000978793457089231,-0.0290650140713467,0.122641831597092,0.0135179795914775,0.143945289059055,0.00393893775318185,0.257705228598986,0.506133434165782,0.641211426401944,0.94487758737404,0.0115748952744519,-0.148431836446383,-0.148697886369918,-0.0646398621989961,0.120306514847736,-0.701722886249908,-0.154296161884966,0.347044779980663,-0.380823678066654,0.299987321177115,-0.0368838819160751,0.142580234628452,0.548423430488072,0.793214914450852,1.51983332789102,0.109060176154445,-0.0842842892610784,-0.136790062595039,0.18123503339637,-0.0131247935978584,-0.174322461613564,-0.177990954829342,0.0768394782986711,0.0352325552806076,0.298322341092437,0.00163931307118672,0.143524575511795,0.319251365111834,0.454660510321323,0.732338267240404,0.107138595587216,-0.408155483635455,-0.70207240895568,-29598.4013569
0.587873613699572,0.231507463342951,0.0249549953627187,-0.0844456729250848,0.114089537724486,-0.0252796123208005,-0.00879750720244887,0.0274338637976943,-0.191349371816256,-0.279124651835966,-0.461972265630764,-0.691486809113889,0.105739484970515,-0.161068678002836,-0.344364658940672,1.72452057265061,0.0122190628576179,0.103209743332854,-0.0877148532519872,-0.00156918327758281,-0.0232447883103583,0.182877062691497,0.0108530446426103,-0.155032529621014,-0.240699126774048,-0.313728018636202,-0.495593239539421,-0.0931624545405547,-0.277586315881745,0.0621355557099757,-0.465774798311217,0.0522935645874742,0.20889648777631,-0.0112115266415347,-0.0115199398312949,-0.0761344224027722,0.23059528084449,0.0203243639810349,0.0927066425446925,0.199902160567625,0.263036449504843,0.491241236977718,-0.0192084461911865,-0.0681009101013943,0.0139294745908323,-0.679651854889822,0.0760640615972239,0.117619445697132,-0.0695682160569333,0.0746012595142814,-0.124768898923811,0.0729612009255672,0.0300892935433308,0.187962227948889,0.243570626218469,0.420251488429158,0.58328716567945,-0.182567813330664,-0.133145053650441,-0.169021380295709,0.328448870484577,-0.0165705683804388,0.108818649013059,-0.0357650421663689,0.187402843752195,0.029453701306968,0.104339711684453,0.00867604319016721,0.17893870567841,0.287507932376202,0.414114392537561,0.510575938712884,0.149125651032815,0.0478374799197283,0.0943444539060142,0.112162446622444,0.0654253549399585,-0.035564482672234,-0.0910264518145235,0.0974354194548376,-0.0133045155336795,0.211467067986503,0.0138264687027158,-0.00769447914159286,-0.0232142148482599,-0.101410304148632,-0.204349130039107,0.17236943804083,0.0124064909662345,0.109458937662035,0.220404257038014,-0.102442610405685,0.0145084577424479,-0.0358435842940442,0.123859658079702,0.0073196777235086,0.127905623381014,0.00411859805878125,0.25059396386777,0.457341043577505,0.638089813378052,0.945316605384739,-0.0171656307214186,-0.149274492575109,-0.17121089598365,-0.0461942567985577,0.122214646860042,-0.693641021276082,-0.152427923092968,0.344589048779592,-0.387094983653973,0.316750532250911,-0.0370175805971592,0.135843155733888,0.556475793497464,0.793954662886469,1.49979747080483,0.0990084013352127,-0.102827341429882,-0.156919235659505,0.194585858339025,-0.0121639405028176,-0.165157827929938,-0.177189141015681,0.0768308191930549,0.0318212375947454,0.315869170426718,0.00170431619468807,0.128020402359473,0.313814031658919,0.446935940324513,0.707477263868697,0.0935722985418266,-0.433362381192388,-0.716836196009488,-29598.3041928117
0.600024996713651,0.231788253275242,0.0293498816874018,-0.0864584482339722,0.114486001814039,-0.0265339284378254,-0.0125114426684553,0.0274314883084034,-0.197373876421289,-0.290835280774523,-0.458525172805226,-0.696681359498938,0.099852035426327,-0.168315505081944,-0.348255542842459,1.73821027637133,0.0134798165774484,0.10074859364473,-0.0893637775453146,-0.000684519096693247,-0.0324805218709818,0.161413948545217,0.0108458782664022,-0.16111257561937,-0.239337929035557,-0.313374045768403,-0.483891621408554,-0.0965526881413186,-0.282032317437814,0.0603090737971658,-0.454166303641896,0.0545541616181162,0.187618006655525,-0.0202456020128124,-0.00371418041862291,-0.0790127601375666,0.238989219529778,0.020330927234892,0.0706386484747828,0.184441715651747,0.250478028952972,0.498342408235359,-0.038859678022686,-0.0764239129629035,0.00533582510930859,-0.670527614986347,0.0766215503330549,0.108439153363941,-0.0727854137488761,0.0780031002585197,-0.134295102686123,0.0781819919533101,0.0301491818505958,0.184593616072013,0.238994035687379,0.435496239624879,0.596742112481678,-0.195374800054194,-0.140496870816137,-0.172143421506241,0.343856500034698,-0.015103223740005,0.108061211998889,-0.0372403204932509,0.190098741082705,0.0261975700682218,0.112007783750202,0.00877363360015861,0.165466395958612,0.27190666541609,0.401199947944969,0.49225126391939,0.140990939820853,0.0356769285912881,0.0867881461872868,0.126857292540867,0.0632771097996923,-0.026607029025117,-0.0738321355540668,0.0869601168925187,-0.0202584818278001,0.204078801747269,0.0140933794766313,0.00597619593447746,-0.0144014600315132,-0.0805250276647788,-0.202012442723019,0.156684379413564,0.00156897884301325,0.102565921173994,0.235945690279659,-0.100328625120574,0.00618735568028017,-0.033458375429659,0.12795846461886,0.000848593551283737,0.145633349040039,0.00421156269370735,0.211255423026978,0.454154912401915,0.59682437440032,0.9141126221664,0.00222149886988061,-0.165249851689118,-0.149461831064034,-0.0304436122220659,0.123628210763122,-0.692888270772973,-0.154357840401317,0.343834623929291,-0.384076110966492,0.289496851608996,-0.0373917438789523,0.142811099883058,0.559655258258496,0.802342605101014,1.4843502004215,0.0922018582587589,-0.105276039811146,-0.157887508098885,0.207208082018028,-0.0105392428134726,-0.158895600935923,-0.178499840735947,0.0797609215388528,0.0326975908414559,0.293632136450646,0.00156553241272456,0.115610562529507,0.289090514966768,0.414875025941662,0.691479920956846,0.0896773857004684,-0.425201162117605,-0.712690225287705,-29598.3019348848
0.601982697978304,0.231319339225498,0.0251044007789262,-0.0826473219895068,0.112816837406312,-0.0262244246721269,0.000887327755117935,0.027407941735432,-0.189155900670255,-0.281784036767303,-0.456833809048698,-0.686282236429944,0.0996766606630432,-0.169514980792991,-0.345962828694786,1.74137766832913,0.0137349384046053,0.0976569169018209,-0.0885076407648801,-5.90400299418742e-05,-0.0318089588556681,0.147132479598332,0.010730480853951,-0.157963615825607,-0.237455552638918,-0.304471413157737,-0.49033263374362,-0.0973615191153585,-0.284045607717887,0.0626064809462027,-0.451958684136417,0.0552652284133066,0.215727533886113,-0.0119750119312854,-0.00307346107721131,-0.0852099714820453,0.234182052189751,0.0203033591389056,0.0672544487930916,0.178219462827416,0.240340453474447,0.477523102105354,-0.0333276702993357,-0.0813405229691501,0.0169388810844321,-0.670119562882958,0.0767001450613657,0.110788943209825,-0.0727840920545316,0.0791813353555767,-0.133654149341826,0.0829860950028069,0.0300687348822387,0.189789584667137,0.251311731953443,0.436677215746573,0.582061264668408,-0.188528843538086,-0.138528292656429,-0.165193122764349,0.348702763769455,-0.0144904372461176,0.105891144281186,-0.0362896278727116,0.191244247242581,0.0274017348188882,0.114840876397197,0.00882127589927425,0.157701657524257,0.262301163379472,0.390820844166835,0.48488258779664,0.135844209592766,0.0320319800087298,0.0868904053968977,0.136457558192816,0.0638581989524169,-0.0220328568093352,-0.0826708705068245,0.0872161965251674,-0.0283690598235309,0.211192090649646,0.0143990304522246,-0.0147984838100852,-0.0223906962902095,-0.0908925412467891,-0.191421868213807,0.166027195323382,-0.000385456824621112,0.0990220990615592,0.240083951012756,-0.0999294093708727,0.0102205918371484,-0.0361445222163898,0.129085413935272,0.00155806638082228,0.127256162338768,0.00421799822189328,0.217957784356315,0.437996504340064,0.616801327784971,0.911018444787345,-0.0138063505792534,-0.154891807845853,-0.174355328834519,-0.0246744494224689,0.124253937990877,-0.716560795544303,-0.158051774003122,0.345156623101057,-0.383353479697334,0.289502253528016,-0.0373771175757763,0.134218649914625,0.541031182658239,0.783215675294769,1.506831575363,0.0890409096787161,-0.100274555278309,-0.142987031458056,0.212141530976704,-0.00986672614699031,-0.177424893229955,-0.177987560113781,0.081111456149259,0.0304435323093808,0.29754981603175,0.00160121559373608,0.105427018379583,0.289867741834668,0.426003945854818,0.692975847721465,0.090717970064718,-0.432855687903742,-0.70969233757665,-29598.2384550531
0.605212407189855,0.2312403333255,0.0276644538387149,-0.0835686713826712,0.111536000874728,-0.0293163778342854,-0.0123170419583889,0.0274580192664823,-0.190751898664304,-0.277492430054861,-0.45031097459207,-0.688573146795432,0.102782872512129,-0.166540558207939,-0.345449152429875,1.74620382387677,0.0137684005445574,0.0966055954618718,-0.0896525840986431,-0.000263589499505097,-0.0284973885240446,0.171593915486729,0.0106859658248804,-0.157683019016583,-0.243830331659706,-0.312372288363978,-0.498019596931909,-0.0949017934326051,-0.28374237143267,0.0593386848045229,-0.449001389321391,0.0544178120444545,0.190106543000725,-0.0156081880514087,-0.00478228343927395,-0.0858874773611303,0.235507287678066,0.0203860019829964,0.0787127664942218,0.187613538540662,0.250145745974518,0.489278465142505,-0.0264671164866939,-0.0718893498350496,0.00882484015983598,-0.668969712349641,0.0766947752634949,0.117606723807385,-0.0702498496619724,0.0789871764778982,-0.130889395521667,0.0778459094143328,0.0300608728406657,0.186979228145889,0.236483805834234,0.419641766312287,0.580566304944589,-0.182760280991605,-0.136096348035501,-0.170895053523859,0.351252357161728,-0.0147146273042739,0.105460196621275,-0.0367095563616432,0.190846867492782,0.0271455816128156,0.104089997064503,0.00880193312445574,0.156319586792434,0.261705964317638,0.390662868905843,0.484569286075706,0.139215091517188,0.0352544995849579,0.0871076570328685,0.137723792085618,0.0667513710619211,-0.0279776780364019,-0.0821929959864412,0.0960270691779755,-0.028419156337698,0.198971975865981,0.0141545891839615,-0.0219210731312736,-0.0426459594731005,-0.105507685076104,-0.2223837959851,0.162191818518263,-0.00264262209308008,0.0961425858000525,0.240947020762851,-0.101073417569112,0.00364756678859539,-0.0327244256057243,0.127188720762718,0.00198229757913016,0.13258602214717,0.00408784156134881,0.235525743781875,0.454292583599936,0.619355815575683,0.934648413444544,-0.0199491189082023,-0.172879414351477,-0.164678453170922,-0.018454006825146,0.124911131300914,-0.701841308546893,-0.160039773428193,0.345772667136322,-0.389103468243491,0.2972635235645,-0.0372468912054292,0.129662846666787,0.541439648411987,0.784950096437121,1.48386735172239,0.0921307260546744,-0.103365899138415,-0.154023045956448,0.216749045479523,-0.0101249556645907,-0.168560350320972,-0.182716975794977,0.0799439915527583,0.0230148071499714,0.297194708496949,0.00169676104921494,0.120435155438512,0.299057920465703,0.440079325131187,0.700093030435947,0.0888282426975391,-0.438851053570843,-0.721335255906931,-29598.092079101
0.605568010875589,0.231517946848099,0.0274534119887968,-0.0838874558196312,0.112285143163828,-0.0292789252694532,-0.0131585095043367,0.0274369726082733,-0.189702220251821,-0.284427253585389,-0.454202635185772,-0.687510026804999,0.102936292171182,-0.168097429816664,-0.34912655108479,1.74737145570612,0.0137082741943271,0.0968191894999776,-0.0902950962885202,-0.000715576462834565,-0.0290481133261878,0.1718040212127,0.0107133369058429,-0.161502515713889,-0.244028939230183,-0.316870760485683,-0.497184380253621,-0.0946565667890273,-0.282736243141826,0.0589674714086925,-0.44948179793626,0.0543629675165705,0.205237569564981,-0.0145639118860618,-0.0052237645744873,-0.084318868310657,0.231125488480478,0.0203522410531179,0.0715617904802764,0.185365022566268,0.252735926512779,0.493115219236823,-0.0328754541937743,-0.0815492781916579,0.00810794849793763,-0.667896577899792,0.0766145740523144,0.107725078654197,-0.0725931336099604,0.0788159426398079,-0.130786249759097,0.0745662641891096,0.03011912076072,0.182317630636449,0.236742446116153,0.429931133139652,0.580424093598229,-0.189597671753126,-0.137741371963496,-0.167991538629965,0.350741258234744,-0.0150090625193737,0.105774248495075,-0.0369967008295883,0.190309420584979,0.0262235451479669,0.103365648197165,0.00876686397377878,0.161006705245546,0.265374142901447,0.395737569755037,0.485474831584041,0.142142159691095,0.0346156918662845,0.0859610433845397,0.137103261785847,0.0666453436833743,-0.0338357172917042,-0.0834958664546916,0.09655526353266,-0.0269939049687687,0.20814992490886,0.0141136239818039,-0.018732943472214,-0.0380654681028882,-0.107144480422768,-0.222577670255371,0.157042232564189,-0.00405005211053549,0.0991852063966183,0.241171505946772,-0.101458174681932,0.0072921792641015,-0.0353500901463078,0.126485421433678,0.000587397181023266,0.127215351606879,0.00409737205501353,0.234201525974127,0.461525297202435,0.622960081343566,0.927199074022988,-0.00847346834718794,-0.160947968683165,-0.170030239324743,-0.0178866755987469,0.124966300968273,-0.703483461695988,-0.156406628353898,0.345505743811346,-0.390143809430299,0.299788037896825,-0.0372410641465965,0.127687514341683,0.542840878100989,0.78488326704232,1.48150875412122,0.0939382847039988,-0.109597802181589,-0.16084370676082,0.216242683033318,-0.0102636395266406,-0.166635836260708,-0.177168530091916,0.0793290601788702,0.0225314151354232,0.300890477460665,0.00165398938522243,0.121523950106515,0.301490308246541,0.429912160226438,0.702391153518569,0.086663460836195,-0.435491391406882,-0.717752122123652,-29597.9974194084
0.606336437525483,0.232043430736576,0.0241609101654741,-0.0852824868907726,0.113901280868769,-0.0286726724417523,-0.0139529474269914,0.0273880737823887,-0.193042439686185,-0.286274215173379,-0.458649863172809,-0.695711448301974,0.099507793360734,-0.169998844962803,-0.349099542018279,1.74926908296954,0.0137275411464127,0.097004432321396,-0.0898191398349354,-0.00135099771849869,-0.0302840357137824,0.161838179370273,0.0107310347469646,-0.162567542317045,-0.245532192651774,-0.314899403686899,-0.499984616905167,-0.0966814579816216,-0.284989420656055,0.058297940825833,-0.448645412123857,0.0540846877307187,0.201441497544989,-0.0158828496968773,-0.00562073784684781,-0.0818029420255632,0.235660157927122,0.0203773501166027,0.0764277674009957,0.18602272320409,0.245095440697519,0.483842462331667,-0.0378426779893885,-0.0776528762047665,0.00519787442415814,-0.667158019661587,0.0765552076410017,0.114032587448609,-0.0717983173105143,0.0782745478640844,-0.132019529787766,0.0769566521166184,0.0301482098718599,0.185768789542791,0.240671031188589,0.425449613192105,0.579256956351543,-0.18862433439953,-0.142913670009969,-0.177563540136616,0.350613383184044,-0.015339560494448,0.10597738414403,-0.0370599112999217,0.189748413506121,0.0251354491034347,0.107862393725783,0.00871936717191001,0.167412873586084,0.271457171377413,0.399976182091692,0.494321730721689,0.139271073246974,0.0360378070617176,0.0863896892458116,0.137419189152351,0.0660628014116346,-0.0313004686303146,-0.0844467334662343,0.0949619005716393,-0.0271300202504012,0.211388069484671,0.0141265365856386,-0.0158538364852274,-0.03448007373456,-0.102957343980783,-0.214874529604751,0.15835952937449,-0.00405875639781379,0.0928930743610791,0.241765050036825,-0.101736861351862,0.00770904727703125,-0.0347631453732346,0.125758976061326,-0.00124781283249133,0.134166789863975,0.00410040409004898,0.225795691277174,0.457246410446005,0.619599839614378,0.92895832740384,-0.000122125295946372,-0.156538567809263,-0.160597628388922,-0.0163780221416698,0.124813168208332,-0.707928006667915,-0.155881394469148,0.345207468778093,-0.390145984035569,0.296255900116707,-0.037213319417615,0.125878020938383,0.536566221586169,0.779954002133996,1.48758010176813,0.0838326342315865,-0.108765827996133,-0.157050482772516,0.216176030520648,-0.0105071864039519,-0.169341148767761,-0.17755839859883,0.0790312378516692,0.0243639374652524,0.294732948769048,0.00160842890592462,0.113620637401832,0.296020610975844,0.43362744819137,0.699282867094016,0.0947133601445889,-0.430905560111574,-0.718094926320282,-29597.9765409848
0.606874518963964,0.232101667158444,0.0246717059350548,-0.0858016951358065,0.113995950076935,-0.0290950192379095,-0.00981572479777302,0.0273885150876641,-0.194489963002791,-0.285724827026263,-0.460436483438779,-0.695144847670861,0.100792689508392,-0.168673678631836,-0.351438968110121,1.7497872439918,0.013796584260458,0.097373086769319,-0.0899286177905104,-0.00131353103954947,-0.0302833867560049,0.160965959744642,0.0107157115283991,-0.161630585866855,-0.244368831038589,-0.315648853691937,-0.498349701401113,-0.0978770654403929,-0.285632475804447,0.0565957738038545,-0.448508649814886,0.0540552003160491,0.200240521185463,-0.0142554619478291,-0.00571264609728881,-0.0817074357048291,0.234793032490274,0.0203705294817392,0.0700796526047924,0.181737558572119,0.245372614667605,0.485221434895177,-0.0298813374396568,-0.0809450637167671,0.00733565315743953,-0.667157603954741,0.076504191215961,0.112990875999263,-0.0716354068936324,0.0783308989044715,-0.132315587278941,0.0776611315280591,0.0301380953924848,0.184201907906512,0.238914548783771,0.425437432670502,0.579855092144172,-0.191930314804279,-0.140176851814316,-0.172108149063191,0.350919873566311,-0.0153692884995721,0.105584000373272,-0.0372088496216364,0.1897267042279,0.0249187025562424,0.107337019644483,0.00871259455344707,0.165550285240361,0.272159696497362,0.401343790789118,0.493537005092021,0.141584520808608,0.036052834660831,0.0859830070277533,0.137912990896491,0.0658459995173909,-0.0303433882585392,-0.0832269532442823,0.0940784092308839,-0.0277594474362482,0.208757608329898,0.0141420723910227,-0.0153909138350921,-0.0331511342461783,-0.101820781415945,-0.214534436113887,0.159296893248869,-0.00377082428805713,0.0948423151071513,0.242398858876775,-0.101530275268551,0.00685025897273838,-0.0339807940350136,0.126132795760099,-0.000579225458082318,0.130835737468454,0.00410121011760158,0.231754049440027,0.454679077294189,0.619698611306942,0.927352191395966,-0.00909668538149507,-0.159303736107569,-0.163614241759787,-0.0161860901434005,0.12457794439105,-0.702901545144709,-0.157901673103213,0.344887404642111,-0.390098714681844,0.296083255929418,-0.0372213572415253,0.126574159001973,0.539621041888653,0.782309809595126,1.48564549903185,0.0905694839986074,-0.108400914726839,-0.15965339959077,0.216777879917161,-0.0105356685609944,-0.170693870287583,-0.180539452807887,0.0792006249480389,0.0255391146657961,0.297555492611858,0.00161620339232485,0.119466709624942,0.297863473247413,0.431472064645513,0.697820783428999,0.0884214605443705,-0.43320969169608,-0.714770376320844,-29597.9526099787
0.607868657071921,0.232077733137665,0.0250936944852636,-0.0853680215290985,0.113698922808876,-0.0301434258653332,-0.00873250084811551,0.0273949515681076,-0.194221472862422,-0.286842724773711,-0.459861370662153,-0.693558700062353,0.10066415658411,-0.169997008016155,-0.348720538323694,1.75086091497782,0.0138925992339375,0.09635479613833,-0.0907071979220817,-0.00123012626096584,-0.0303241151347626,0.164318690920951,0.0106890011939448,-0.161792460449451,-0.243732749971813,-0.316729450064717,-0.497258318658083,-0.0968878900772573,-0.285095070112365,0.0555592628668648,-0.447777509488324,0.0540167698691587,0.202782410029868,-0.0147679057299358,-0.00575111541871018,-0.0822255734016771,0.231465456127333,0.0203723057717094,0.0715887827195057,0.180542488113189,0.24445139555192,0.483724599321961,-0.0349051228486873,-0.0751158876337856,0.0068168221161316,-0.666976743707586,0.0764925717805548,0.110654403445832,-0.0720678380605166,0.0786608976546907,-0.132304437811154,0.0776739668677468,0.0301198363825154,0.182607826836226,0.237739688063442,0.425725268190795,0.58088194599842,-0.186234507150254,-0.138722520811127,-0.172615698516967,0.351870954373395,-0.0153292856916388,0.105599972405543,-0.0374821694386447,0.189862142377968,0.0248016371613279,0.106561620036326,0.00871006216936141,0.16527867180737,0.270661990783796,0.398469170624239,0.491973336442918,0.141314356761563,0.0366435756246206,0.0865796524588415,0.138628109653063,0.0656084345970345,-0.0301813259306937,-0.082548043407589,0.0933498938221753,-0.0276423239218858,0.206795466959729,0.0141459569435443,-0.0162090675500466,-0.0315149630706713,-0.101102128099285,-0.214304158070192,0.159281606434039,-0.00266400133608542,0.0972190352373651,0.243537652430768,-0.101239832693211,0.00823200395073092,-0.0352018261950761,0.126808606696507,0.000726157108799841,0.128448198109832,0.00410152294277615,0.230159396646648,0.45728567497297,0.620037643414858,0.925236862421061,-0.0140316532506577,-0.165500653996938,-0.172931890678939,-0.0155183979770782,0.12440975100448,-0.703208443223918,-0.157508174330932,0.344559806733837,-0.38977625903192,0.29801968782271,-0.0372433308713082,0.128859534771434,0.543536605608857,0.783977595194002,1.48494926910881,0.0920606657129039,-0.106860782083562,-0.157930422540454,0.217595203072609,-0.0104487138099835,-0.168031549401208,-0.179267309994566,0.0792366642440495,0.0264664793710883,0.300448516107658,0.00160067312225913,0.116111369924203,0.298113350532508,0.42888357575125,0.699362925481041,0.0891654712724397,-0.437599399762798,-0.726224256658066,-29597.9525721143
0.608327067019303,0.232045023401605,0.0257220954616174,-0.0851523113623774,0.113500403402291,-0.0302314901105483,-0.00990804646836123,0.0273959312892723,-0.193955176768771,-0.285731574386502,-0.45887203782609,-0.693147050345039,0.0998989540569214,-0.169428658780165,-0.351503963311159,1.75150002928743,0.0139412996646372,0.0963825889360231,-0.0906622968066171,-0.0012482952863877,-0.030457147808563,0.165402001488108,0.0106789835209055,-0.16239086909849,-0.244861327525375,-0.316097367229206,-0.49771707981098,-0.0970262480011269,-0.284898502683854,0.0571431304111515,-0.447402432702185,0.0540452606975937,0.202940745790932,-0.0152297720592879,-0.00562085621439046,-0.0824931413627581,0.232973865179661,0.0203699388008777,0.0715820087747504,0.182970970978616,0.244833262034861,0.484943383785751,-0.0328397074265681,-0.0792391374430121,0.00669736104134966,-0.66677491694853,0.0765301612771612,0.111971238865799,-0.0720625356071093,0.0788263378093923,-0.132216127315271,0.0767523610429465,0.030112528095112,0.183667440076309,0.238785859309881,0.425136449282573,0.58068342474877,-0.188981243128561,-0.139605042997167,-0.17335097902036,0.352490496032754,-0.0152602584416395,0.105973918510981,-0.0374009896323268,0.189993013199749,0.0249011874124319,0.106322399234967,0.00871247900794582,0.164217698665145,0.269694522078238,0.397568687062125,0.491342710340989,0.140588696083273,0.0358323913823496,0.0856076670087781,0.13889308019595,0.0656127429366641,-0.0300207657472856,-0.0831443925066656,0.0934900483642256,-0.0271361614562883,0.207232615344301,0.0141353516741823,-0.0157609477320002,-0.032653760490281,-0.101818496020411,-0.213510627772766,0.159834174592852,-0.00252397695346448,0.0955736293448777,0.244066544626613,-0.101257302437902,0.00658627777345679,-0.0357099099311167,0.126838083504283,0.000468836361900767,0.130811732083757,0.00410551678750376,0.228524653845584,0.456409674787237,0.617894238056915,0.925610530034475,-0.0117192602673659,-0.164435896770886,-0.170264438342473,-0.0151349559345879,0.124385182621233,-0.705821069329178,-0.156978914504814,0.344470102481622,-0.389671624343407,0.297277253067894,-0.0372512356010413,0.12932538045203,0.542517307629406,0.783410777197924,1.48589519276329,0.0892812549461069,-0.106993485112976,-0.158292800317237,0.218078636763194,-0.0104983277683508,-0.168774645055698,-0.178586283666946,0.0790524818270348,0.0259079794352087,0.29899204555045,0.00160168858588306,0.116497081433543,0.296199662995489,0.429217958486927,0.696561147328831,0.0881292854677839,-0.434303877352217,-0.716728163126009,-29597.9401609184
0.608895901887618,0.231982454764382,0.0254969298243735,-0.085592960318536,0.113337630332093,-0.029934369024746,-0.010814777633053,0.0273899614590582,-0.19367442175419,-0.284826018211063,-0.459052041787841,-0.692481024619074,0.0996416872379069,-0.170080190770094,-0.350717627635854,1.75244443602238,0.0139985298716624,0.0971453767502578,-0.0905739259851197,-0.00137978338563825,-0.0306661013932572,0.164716229500472,0.0106692366629912,-0.16254052533312,-0.244096180414518,-0.316651482896937,-0.498462725736129,-0.097476194679038,-0.284776907503773,0.0560000908901738,-0.446919058872504,0.054092214569524,0.201299747254904,-0.0146468738216812,-0.00545676926690467,-0.0829252247255228,0.235143372366287,0.020362320244491,0.0712256695387328,0.183343731973001,0.246691002702466,0.486976003076664,-0.0341513028870448,-0.0799689711083571,0.00497467076780611,-0.666269284061315,0.0765319856333115,0.112270226919278,-0.0722674735961014,0.0788906971882058,-0.132366989266326,0.0775947894596075,0.0301152384102636,0.184023296026526,0.239670786987843,0.426060618443409,0.579769830762111,-0.190975317771546,-0.140315202991918,-0.1731982784813,0.35332822257195,-0.0152047456451446,0.105912804521504,-0.0374438479536624,0.190102129340327,0.0249680584606135,0.106491993524516,0.00871466359765222,0.162742978803242,0.269108472099359,0.397553596536772,0.490808626247001,0.139488302340732,0.0348312749700647,0.0846494616164046,0.139401825192284,0.0656963970498149,-0.0302259123538188,-0.0832324233249545,0.0937488979850674,-0.0270229953274731,0.207502975879988,0.0141212512289871,-0.0160295168413587,-0.0335303397846458,-0.102587503360591,-0.214339830930839,0.159421691671327,-0.0029345903978576,0.0953336983880181,0.244510350309757,-0.101300357738241,0.00800090237132545,-0.0344794030602917,0.126610050465811,-0.000413111716344856,0.132214352623537,0.00409163125372776,0.228694791778246,0.453152330605779,0.616679352779836,0.924464804579463,-0.00954691477274254,-0.160842771889837,-0.166858818507017,-0.0143725612511628,0.124419149283343,-0.702868071437337,-0.157427873641996,0.344499647171468,-0.389537764219476,0.296339704884375,-0.0372576482382901,0.127856882230507,0.541248972645111,0.782968623795725,1.48780078135912,0.0897665585653777,-0.108548585869953,-0.159242453142306,0.219033579823746,-0.010505369476783,-0.169639324572163,-0.179665669980194,0.0790405007322481,0.0254438783030381,0.297756344278726,0.00161200320779663,0.115450734284016,0.296698662432143,0.428928965098449,0.698000244464039,0.0901639369988201,-0.433174373023722,-0.72072610066253,-29597.938017586
0.609749322295702,0.23197093351773,0.0254902354471794,-0.085371745268702,0.113259423820293,-0.0295780249228207,-0.0100463385209939,0.0273714305729928,-0.194098533690214,-0.285641456271363,-0.459592733311133,-0.693283775586331,0.100011005394911,-0.169427563560983,-0.351602605798355,1.75399648656493,0.0140563053838775,0.0964586557026881,-0.0909290628075819,-0.00161357829558818,-0.0308279741119745,0.163673981637366,0.0106617613413677,-0.16228987442584,-0.244257014201045,-0.316209168396169,-0.497509851428203,-0.0982315594383343,-0.286076032035972,0.0556755529063541,-0.446192352217553,0.0540655041948481,0.202462953039249,-0.0149467973384428,-0.00539534350813256,-0.0836031744237041,0.234646786424855,0.0203496152986687,0.0724747629916844,0.183543992634718,0.245791023560646,0.486297396704467,-0.0345430681868704,-0.0792174470998922,0.00705296884887195,-0.665517548744107,0.0764878934702847,0.11279383764229,-0.071964678934472,0.0788082592872159,-0.132828859377456,0.0780606651475951,0.030117736734445,0.183331849608534,0.238710450992743,0.425089908380114,0.580246518013759,-0.189169118597277,-0.140450076857413,-0.174337480765432,0.354410012405967,-0.0152130102204264,0.105936395104703,-0.0375434621660213,0.190078159152228,0.0247964346175336,0.107553433417723,0.0087086612230223,0.1628369815437,0.268945367510283,0.396829034741885,0.490375527442271,0.139546122810914,0.0347180263565541,0.084251604753426,0.140473101599453,0.0658076647339104,-0.0304236477072855,-0.0832406784753385,0.0939573694686327,-0.0274920520651183,0.207518026496499,0.0141126109098472,-0.0170617741127356,-0.033288443838288,-0.10306761030989,-0.215382548059908,0.158436265171663,-0.00346777596450594,0.0955986371576982,0.245588392920322,-0.101312927113847,0.00688959243559101,-0.0347725390122242,0.126600885543291,-0.000630728699750658,0.132124488929238,0.00408638694877148,0.226600481914012,0.454362424428543,0.617257602973459,0.924729886566508,-0.00964104928074089,-0.16080244537037,-0.167244397048275,-0.0132332229679309,0.124419729446568,-0.703670176687891,-0.157895463601547,0.344456238599329,-0.389792073306186,0.296269688212721,-0.0372627829566019,0.127922320966617,0.541870657852456,0.78355352072424,1.48691086598279,0.0896312414384837,-0.107927915291938,-0.159815718982358,0.220238350600022,-0.0104543091808184,-0.168118124381112,-0.180017488784147,0.0790589928887283,0.0250784286100988,0.298008025873383,0.0016065618176557,0.116748204808395,0.29745507873674,0.429327203754916,0.698574956522063,0.08725692725668,-0.437095961278129,-0.718743390244203,-29597.9349088744
0.610873674374132,0.231988916851848,0.0253005917386756,-0.085580667408215,0.113220517250068,-0.0296414435289636,-0.00959919311160268,0.0273630011090593,-0.194649981446469,-0.28608401480441,-0.460023294838307,-0.694114181686924,0.099426799199591,-0.169815787208415,-0.350720191765494,1.75540193628473,0.014104141080694,0.0963873637376282,-0.0909232697760706,-0.00184740294250367,-0.0309800337482066,0.164231454208212,0.0106462239796946,-0.16275634913956,-0.244437709305631,-0.316635669203108,-0.497851086287187,-0.0985220013063654,-0.286054994221789,0.0556430495815603,-0.445378827739269,0.0540476112589898,0.202421143759692,-0.0152526052889431,-0.00530793567171374,-0.0836432584623465,0.233778957168444,0.0203393820038743,0.0709808392502871,0.183579114153022,0.245598024305087,0.486148944857444,-0.03268224767492,-0.0791809124466745,0.00538819626102869,-0.664781078845049,0.0764424459878224,0.112427688947779,-0.0719460735167134,0.078818619531449,-0.132951658702729,0.0771191920271797,0.0301139946851025,0.182743822830069,0.238547023502064,0.424996199694574,0.580523951503427,-0.190762874406102,-0.140363757544811,-0.173500222696376,0.35539953288006,-0.0152503980281539,0.105941671062848,-0.0375747245463334,0.189990326517087,0.0245774903497922,0.107376540492541,0.00869685392198501,0.162740746086506,0.268961300899991,0.396592165352112,0.490413548782695,0.139299709178482,0.0347008695773844,0.084664697672151,0.141597373895313,0.0658264688310607,-0.0302797054214592,-0.0836099786965302,0.0939475116974315,-0.0279497627698966,0.208627400488541,0.0141087556266019,-0.0167981119909957,-0.0339243970485435,-0.10330674327653,-0.214888279000065,0.15857455172498,-0.00375693319120517,0.0942949366019538,0.246690612684236,-0.101309126127662,0.00768589870020829,-0.0356108030699975,0.126639874277289,-0.00051580625335941,0.130977011489157,0.00407868709023078,0.227995741378514,0.455158352997187,0.616922455076261,0.925434730308143,-0.0107909370589238,-0.163441261455547,-0.168947043073075,-0.0121050639318907,0.124446333029123,-0.704721329406751,-0.157510204104052,0.344373453520733,-0.390103463738368,0.297125580030306,-0.0372700253181285,0.127996439655364,0.54193495870593,0.782534765733689,1.48575693779225,0.0889105320997788,-0.108054739940326,-0.1591661385412,0.221132013985822,-0.0104364865883753,-0.169416799028496,-0.178939200451552,0.0789970470258315,0.0247115218051118,0.298860746071668,0.0015848958692475,0.116066009701102,0.296965282233126,0.429953703604488,0.697195023122881,0.0873529944490066,-0.434708683661295,-0.720763003430519,-29597.9313944306
0.612077327708724,0.232026122006062,0.0254808346357865,-0.0857401227525498,0.11316055342445,-0.0301450064915081,-0.0102910899648672,0.0273595166541015,-0.195015659422425,-0.286134901386343,-0.460237925281863,-0.693813467909552,0.0992036277122015,-0.170500350794381,-0.351846526650588,1.75667909722693,0.0141508672343174,0.0962138742086004,-0.0910868431268298,-0.00200137573394776,-0.0310744066972141,0.165320546767051,0.0106271126328278,-0.163376219590903,-0.245162943963378,-0.317207289812387,-0.498842392131324,-0.0979976791052574,-0.285566032488867,0.0557266494349259,-0.444421328151465,0.0540241268504194,0.201300778294624,-0.0154431279061487,-0.0052684159805838,-0.0833406915413411,0.233673734414946,0.0203363521221608,0.0712794071451399,0.182604295985908,0.245151748504225,0.485673310785893,-0.0349337549452313,-0.079936643849011,0.006029175156065,-0.664108222233364,0.0764014091726798,0.112487869152556,-0.0722920373269509,0.0788818176571456,-0.13286080284608,0.0771687806218398,0.0301039039551299,0.183057360023213,0.238808616055515,0.424795792536898,0.579951107318094,-0.190630750750319,-0.14096863446253,-0.174385560475578,0.356374793770531,-0.0152810559812834,0.105774968351596,-0.0376596754503408,0.189916992496921,0.024422056678278,0.106758647437251,0.00868428523816139,0.162670017484482,0.268889991799797,0.396686238202497,0.490393400364297,0.139212434688518,0.0346154301090914,0.0844086540227868,0.142574100844861,0.0657669716927055,-0.030431047288978,-0.0836857812716123,0.0937641617980474,-0.0280245675979446,0.208449529455069,0.0141009709688508,-0.0172182235153762,-0.0334673686043654,-0.103125988407047,-0.21459339825324,0.158102297837851,-0.00408923157526046,0.0944133772460106,0.247654582748728,-0.101318210811852,0.00686683801360514,-0.0352869640756571,0.12657544258334,-0.000596703560640497,0.130887996306308,0.00406503339388621,0.228419864167301,0.454678749749635,0.617503338573541,0.925008478044017,-0.0121523595543638,-0.163577359648505,-0.169387147491811,-0.010988023321126,0.124472466890129,-0.70444331684921,-0.157414636393235,0.344296323810108,-0.390265989225671,0.297700229470221,-0.0372777188555966,0.127276376881787,0.540814115063293,0.781719632687494,1.48532575787373,0.088408333866366,-0.108797112085514,-0.159515167098646,0.222052180273494,-0.0104567102507591,-0.169099366670182,-0.179473628664482,0.0789587162168818,0.0247048664496837,0.299121243650206,0.00156648018443693,0.115119327252556,0.296129271381831,0.427932193597253,0.697854549983195,0.0890214586054386,-0.434652514079371,-0.718586186130554,-29597.9283634235
0.613379740462046,0.232050468251389,0.0249268709963207,-0.0857438270398845,0.113093385465596,-0.0306336043058098,-0.00997258896443967,0.0273483651894596,-0.194899271524931,-0.286263264231595,-0.460073735891477,-0.693725278428291,0.0985801721230773,-0.170787148582532,-0.351998348595599,1.75823166005755,0.014225223461299,0.0957231160803722,-0.091490339849279,-0.00211427399423484,-0.0311200647559781,0.164917586597101,0.0106087193533141,-0.163730986503006,-0.245355223941676,-0.317713607847194,-0.498531479473482,-0.0985020154868505,-0.286205140563596,0.0555513917080798,-0.443326755292755,0.0540012719803159,0.202565862082285,-0.0150043875436586,-0.00540143241018565,-0.0834056791655102,0.234224040685917,0.0203305078264473,0.0705663607701352,0.182390504825165,0.244173836209911,0.48445222575268,-0.0347595019697027,-0.0805418987678166,0.00426303721454011,-0.663221927500369,0.0763697356682198,0.112152028690405,-0.0722654635868192,0.0789187617414054,-0.132914355824587,0.0777953825484034,0.0300935968507112,0.182760348671011,0.238099545658631,0.424541475358865,0.579769164985091,-0.190652796113824,-0.141162358115933,-0.174546067964189,0.357592100202563,-0.0152967828152837,0.105551257984036,-0.037823012805274,0.189855564031484,0.0242797531130255,0.106821694339101,0.00867177184529761,0.162403608646896,0.268625893081091,0.396530366721438,0.490501796702539,0.138956755007121,0.0341874425216801,0.0840859888935752,0.143674595096849,0.0657071454560431,-0.0306440210689737,-0.0834701826842907,0.0935634364011613,-0.0279234344234098,0.207674273655261,0.0140869999218785,-0.0170741841212506,-0.0337710366223948,-0.103360449029467,-0.215232291830114,0.157900526270774,-0.00416543090793176,0.0945201015542191,0.248852006004081,-0.101349494364955,0.00700509396614684,-0.0353085208984957,0.126451650875658,-0.000854761175339716,0.131625918185817,0.00405289320397382,0.226949946651351,0.454415192768985,0.616538517762457,0.924906540709195,-0.0111882793596317,-0.162864781301702,-0.168932725140437,-0.00966290868446646,0.12449116301041,-0.70445921610682,-0.157835879747656,0.344250695699529,-0.39031681354979,0.29729631484831,-0.0372885642075629,0.126283943421393,0.540345861015352,0.781825262798638,1.48548807293904,0.0883822315682423,-0.109132102516239,-0.160354647312571,0.22342103226501,-0.0104409960975426,-0.16921481638781,-0.180267998952054,0.0789538956295198,0.0248818742630403,0.298651255628303,0.00155879918290589,0.115063686371449,0.296194827294939,0.429031807123723,0.696535414717258,0.087762242003161,-0.435629813922459,-0.720247572463246,-29597.9254532215
0.614546646794127,0.232064139174485,0.0250682130016422,-0.0858562468763132,0.11304838471399,-0.0307226482690266,-0.0102044794595434,0.0273305450992431,-0.195163553895616,-0.286221020524961,-0.46015403268922,-0.693870086735145,0.0986171052457437,-0.170963906947517,-0.352105097814626,1.75978206914414,0.0143018267317579,0.0954467618491399,-0.0915404053906958,-0.00225819967596489,-0.0313100774047534,0.164392645443256,0.0105940599213124,-0.163576257718454,-0.245408760502418,-0.31742889460842,-0.499082664482091,-0.0992230080491174,-0.286795857498842,0.0548462787221168,-0.442131981719019,0.0539344001655326,0.201701538313073,-0.0153539549754118,-0.00553118449805529,-0.0836730543432237,0.23467702307462,0.0203283611148164,0.0699391354742111,0.18191721252246,0.244459261915651,0.485231800861497,-0.0349426758376727,-0.0804720656741447,0.00534359990133558,-0.662221995741661,0.0763498584755882,0.112179626390163,-0.0721116460481068,0.0789045787554503,-0.133182346806624,0.0779245639848467,0.0300865092656483,0.182269402360596,0.23813237551521,0.42431606270597,0.579413057572656,-0.190976379311027,-0.141145620719098,-0.174411340584475,0.358863928429322,-0.0152900486767592,0.105512958214275,-0.0378694512489895,0.189811403148187,0.0241424937423302,0.107324074386661,0.00866102353362926,0.16218527934874,0.268518217507167,0.39641574116335,0.490059061966238,0.13860693250445,0.0339382472568517,0.0838137233148317,0.144872752429653,0.0656979825141465,-0.0305911975103093,-0.0837326606333583,0.0935107563176325,-0.0278457876592598,0.208064620005686,0.0140745708733237,-0.0176306934230067,-0.0343302135192226,-0.103728599193665,-0.215230537464909,0.158106031249173,-0.0042035229677745,0.0941145535236439,0.250133439612547,-0.101355939941971,0.00704413760451455,-0.0356364202360008,0.12638810499895,-0.00100225379816655,0.131829077441452,0.00404428918636885,0.226987330658327,0.453764015134235,0.61636020410541,0.924337263557724,-0.0108863132694367,-0.163058041869536,-0.168822364207169,-0.00841562474075787,0.124489969138343,-0.704664959793099,-0.157997325073782,0.344156147379808,-0.39044736575233,0.296860472394043,-0.0373034092286324,0.126628343887768,0.540694041704358,0.781660197203373,1.48530032300299,0.0882540086490693,-0.109167405621089,-0.16031653006911,0.224778926930931,-0.0104199422910186,-0.170110637253256,-0.179499500118535,0.0788224800760228,0.0247277777793182,0.298455440367322,0.00155131413413758,0.115160410814061,0.29584109536199,0.427887572065486,0.697101096311328,0.0865404555487702,-0.436606862909474,-0.721404078196049,-29597.9224943881
0.714069832847198,0.231959584492923,0.00353132436442079,-0.0968129823621705,0.103043046946557,-0.0342977978132748,-0.0063819398281443,0.0259598010085284,-0.19983325080287,-0.294142593476172,-0.464723432475328,-0.702800836742032,0.092107530808919,-0.179035095200462,-0.363145732209416,1.85904419640631,0.0140696349819518,0.0754656452760142,-0.101346509155574,-0.0121706179632893,-0.0364093248810759,0.166590786962229,0.00924863369162162,-0.168504586469505,-0.252029442251225,-0.320870766359986,-0.506152048593102,-0.106107601778411,-0.295692907804192,0.0428357488260045,-0.33992245841933,0.0534152381507073,0.181994931654469,-0.0249191115062309,-0.0163962852221588,-0.0892513230554378,0.234530415818242,0.0189294086145605,0.0679448941888677,0.17847694487104,0.244495753737396,0.479016636364027,-0.0418641483164239,-0.0891206246961813,-0.00714922886595089,-0.562547798734238,0.0763663004664722,0.0919989935269508,-0.0832701340836486,0.0689126599857424,-0.1382810373815,0.0778276847508511,0.0287349279375484,0.178253165933825,0.2314415655115,0.421933275163657,0.572235995722505,-0.198471450065888,-0.150581683843314,-0.186400292226845,0.457635384643803,-0.0154219295661833,0.0850042148662522,-0.0479833773964377,0.180037970399195,0.0196272017439561,0.109539101834974,0.00731591779373123,0.157256233646348,0.261134338752297,0.39237837009503,0.481846054942968,0.131162093485763,0.0249292889853038,0.072232279970908,0.24797729926001,0.06554373893249,-0.0522673057530258,-0.0944345823912669,0.0837850321514828,-0.0329722053144651,0.210969379332133,0.0126891661172534,-0.0236596546999577,-0.0423300318525089,-0.108816467054227,-0.225760590189844,0.149500924980383,-0.0143190994268872,0.0826905726478524,0.351286041915261,-0.101377283759058,-0.0149178888917118,-0.0442333443797141,0.116708257067034,-0.00495900130463455,0.132928396478896,0.00269364758246384,0.219828811953547,0.444622272783261,0.610032508130639,0.913083999063347,-0.0221110716060843,-0.174909528077035,-0.183496387752994,0.0871350856894624,0.123679887181093,-0.724878274035724,-0.167439677915154,0.335288625648758,-0.39470306343701,0.299581591156272,-0.0386432073408704,0.124338261989185,0.535247588112104,0.779580221532903,1.47941671575255,0.0820646269220084,-0.116449097422912,-0.169892187672502,0.326391465663301,-0.0113593542589267,-0.18563936041764,-0.189396024187803,0.0677675441338707,0.0195206169539569,0.301085648428146,0.000198793507066562,0.109510942427057,0.288927556877996,0.425990477356183,0.688619733951049,0.0828960872748895,-0.44207509669294,-0.728122583429859,-29597.7858999712
0.714299683823728,0.231955476849568,0.00480502688632899,-0.0958043606893431,0.102773141643169,-0.0347698842912623,-0.0089639958599828,0.0259670367111719,-0.201019179846283,-0.293778158061654,-0.464920948332036,-0.703019894253819,0.0908989154134277,-0.180026935303395,-0.36345835121475,1.85909498947633,0.0140277657791199,0.0752765772171677,-0.102035165790653,-0.0122828119838344,-0.0362110215134009,0.167108225744806,0.00924346962861938,-0.168825827662264,-0.252379753059438,-0.321658328382235,-0.506930828470845,-0.106182009434225,-0.295124316602759,0.0443824706232672,-0.340036623938828,0.0535573839297567,0.181666167039785,-0.0255109578808834,-0.0159706185140325,-0.0884954766879235,0.235589352360072,0.0189170736003735,0.0670076707572699,0.176277045072938,0.241815054163868,0.479622100476678,-0.0425886564561259,-0.0898435277412238,-0.00707467108542836,-0.562605505435257,0.0763234113537974,0.0913516211341971,-0.0821905964434302,0.06878026971551,-0.138097531374034,0.0798429151796841,0.0287260590305185,0.177562278494621,0.231531100032266,0.420244393761216,0.571786935812646,-0.198446650958308,-0.150577390652678,-0.186715824167631,0.457731479848872,-0.01545418624539,0.0852001064540734,-0.0480244218275447,0.179923767291403,0.0195295849695351,0.108098276481826,0.0073111565146489,0.156760406249755,0.261101830883509,0.392076204865883,0.481501300681507,0.131518145027532,0.0249152860501931,0.0723131516034626,0.247637410895721,0.0655600729746885,-0.0513146172848869,-0.0937974188248013,0.0835212659145407,-0.0332289087064668,0.209978771099247,0.0126795236400845,-0.0234553943978227,-0.0422673188963891,-0.108334193653517,-0.224119536781237,0.149559933486915,-0.0142128476741071,0.0812272671402299,0.351243510859549,-0.101533642820046,-0.0126534398955307,-0.0464798763271183,0.116515616638455,-0.00527915299540309,0.134043368613238,0.00269102084178346,0.220607370691257,0.44488438488755,0.610790959769906,0.914302791671044,-0.0203140932717891,-0.173067797467098,-0.181453093952757,0.0874826748871122,0.123707320623348,-0.723034128920745,-0.167359728792044,0.335164784967651,-0.394972179574279,0.299866201306117,-0.038640378448993,0.122658440423821,0.534605727842638,0.779843923527561,1.47802663889495,0.0811462743029081,-0.118303387461825,-0.172160051662112,0.326415050078221,-0.0111719832340171,-0.191450975027949,-0.190202085627046,0.0682571174280526,0.0201404294333305,0.300239130315206,0.000189181042252392,0.109717201460922,0.290149759588305,0.425028531307783,0.690294210890385,0.0809334397050846,-0.444860573546248,-0.732001547796616,-29597.7792932708
0.714789109823495,0.231910832145647,0.00511082189722049,-0.096217235105836,0.102436683147039,-0.0352177172217057,-0.00970468010618515,0.025978851521991,-0.201348857170237,-0.293776787692334,-0.465570372471181,-0.701424572945763,0.0907272791460001,-0.180137575294045,-0.363923308428791,1.85927874486485,0.0140668660778387,0.0765912860090353,-0.101291211375369,-0.0125421520402097,-0.0358781739240432,0.166064045673582,0.00922924134806662,-0.170164344889053,-0.252814759076103,-0.322557471371703,-0.506731596949372,-0.10680936596224,-0.296110787856498,0.0435270751474617,-0.339979209853447,0.0537808821006463,0.181237732713184,-0.0261669402250663,-0.0155761944883349,-0.0880667719026231,0.236655769959135,0.0189143213416519,0.0633624225041136,0.175272245319531,0.239118629773002,0.47593363451445,-0.0425872967856581,-0.0895724808430449,-0.00553065956883986,-0.562348806592679,0.0762336958254846,0.093303163047316,-0.0825032934226575,0.0685185157595619,-0.137821201045114,0.079649756850618,0.028724856263798,0.175622918400014,0.230104019863135,0.419164742354944,0.571745593040917,-0.199407598174134,-0.150250528484495,-0.185113730052525,0.458105315398443,-0.0154860596969048,0.0863312357243593,-0.0478746882868718,0.179704890165857,0.0194591813391024,0.108659318877839,0.00730481462635003,0.155339742685091,0.261122304265302,0.390864554554859,0.482820139189267,0.130218716607192,0.0246670812294078,0.0726200160773893,0.247324532206508,0.0655355759681837,-0.0507827928475374,-0.0946456215075285,0.0831378879575429,-0.0331087121653937,0.208891611062427,0.0126811955052829,-0.0236116448300293,-0.0403946100054098,-0.108223510451141,-0.222173000715782,0.149355533922968,-0.0141792630633791,0.0826177289942819,0.350888852851472,-0.101608582448249,-0.0128774371552109,-0.0456885866399217,0.116132329944543,-0.00580825974764169,0.132815854272857,0.00265940514787054,0.220116583465749,0.446779068913616,0.611035486334741,0.916943541338322,-0.0177873092705821,-0.172515757227681,-0.179779862603375,0.0884860985336908,0.12383185145245,-0.723844460131037,-0.167226105522736,0.335102897746521,-0.395137341317717,0.298871071823768,-0.0386359489374257,0.120428882223643,0.534039184913417,0.775905648344589,1.47845296633616,0.0796510584286614,-0.118901354768062,-0.171536765631996,0.326182010596695,-0.0107687562398247,-0.188715378608289,-0.189587586302175,0.0687245339922609,0.020383302690339,0.300460704541426,0.000153758618929005,0.109756173800808,0.288032584384421,0.423530122289613,0.689576006115427,0.0765141574355585,-0.447651773613501,-0.734498937462821,-29597.7780064584
0.715145464675327,0.231975988625481,0.00770952519765826,-0.0959691799148277,0.102277690436173,-0.0351785654792375,-0.00902496454321563,0.0259623229215554,-0.202789762299069,-0.292721158603992,-0.465839428641938,-0.699843761148138,0.0899327087912102,-0.180765135987258,-0.362679355028176,1.86030361884723,0.0141801901417741,0.0767848578099128,-0.101728654203014,-0.0129240533078511,-0.0356807235863922,0.165293210631351,0.0092342036486337,-0.171065015598025,-0.251970919079262,-0.323906014893315,-0.504779048715365,-0.108313980738207,-0.296730057884906,0.0437108225167666,-0.339599963585381,0.0539979417966433,0.183461695191771,-0.0254419668558709,-0.0159187970694922,-0.0885366664362094,0.235173661484294,0.0189350367383185,0.0611203568249254,0.172701721319058,0.235960208067153,0.477331888343991,-0.0428444420024829,-0.0895195423292299,-0.00593447896472718,-0.561674888635144,0.076215473610349,0.0938714621717362,-0.0825986960027067,0.0682714375881832,-0.137390274303059,0.078140748818794,0.0287292204690664,0.174172338140726,0.231499641615229,0.417708126540348,0.572933451239981,-0.198864280670784,-0.15102259258664,-0.185552840137598,0.458978244158138,-0.0154762445677215,0.0875997537718837,-0.0478523038250058,0.179427179994621,0.0195763719364123,0.108977359305864,0.00730089636148825,0.154685783635016,0.261629353114414,0.390354977900128,0.483850215185763,0.130085435888607,0.0241050493712277,0.0729007729665703,0.246808335048529,0.0656610902014651,-0.0493766592870624,-0.0939352143745042,0.082608156834053,-0.0324219518109381,0.209945846611879,0.0126738889038636,-0.0246717061342339,-0.0410207324564053,-0.10970496596254,-0.220695581981898,0.150312875893144,-0.0135682946273707,0.0833398793463274,0.351125546412335,-0.101533527859511,-0.0122718752994293,-0.044873771981377,0.115766888573318,-0.00582174434724618,0.131218927104934,0.00264655184768515,0.220207198859317,0.448008111706903,0.611707680270648,0.91954227517935,-0.0205571920340286,-0.172233777425171,-0.180107497702412,0.0898566078537815,0.123968462898424,-0.722149137422121,-0.167669506560052,0.334862837395849,-0.395215864994746,0.298219172730799,-0.0386498465542571,0.118306184444435,0.532905347426117,0.775412882979915,1.47876581322917,0.0798143312297662,-0.118323551687522,-0.170490294291845,0.326382611422146,-0.0104648451281303,-0.187392080068535,-0.189625429050409,0.0686706624933434,0.0196094546467147,0.300116055360669,0.000147335573283026,0.105698837837494,0.289069804419471,0.420324563141734,0.687937737683097,0.0792663319253432,-0.444099793859779,-0.729845532939774,-29597.776291332
0.715694747530172,0.232064438825627,0.0069132186576239,-0.0957914230031876,0.102113888677325,-0.0350000168044224,-0.00885093440723997,0.0259485313216537,-0.203568279523672,-0.292748746105073,-0.467675859946505,-0.699006556395571,0.0899620730130406,-0.18019440079435,-0.362420441474293,1.86113658034206,0.0143242476462539,0.0788440663033934,-0.101500739062084,-0.0134325585494502,-0.035856789537972,0.164024761536801,0.00921975667252945,-0.172726639351444,-0.252154324012544,-0.32454368239056,-0.503909433813722,-0.107528740808112,-0.296371878887204,0.0443925821679457,-0.339479527992072,0.0540438495318314,0.184989631901224,-0.0250853362649575,-0.0167224742144898,-0.0886672696525578,0.234399337482216,0.0189486170736902,0.0607617650860498,0.17601562951901,0.237479235689005,0.479316435318023,-0.0449283677981958,-0.091448534552229,-0.00618613744420434,-0.561143464771832,0.0762340797583538,0.0953845126942894,-0.0815286875264084,0.0679690873724123,-0.137568831736327,0.0778015672293577,0.0287182477543367,0.173914576938964,0.230983665317535,0.416978060973603,0.5744598037465,-0.200495013189495,-0.151140813998701,-0.185544253901488,0.459910131777292,-0.0154477155641588,0.0883672433523035,-0.0475283896513279,0.179041007818947,0.0196366083604078,0.108283609831001,0.00729053151960207,0.15326589597836,0.261921155005191,0.388966508066829,0.484695349648745,0.129919654593258,0.024350806893827,0.0733383343417605,0.246816351581145,0.0658474465837048,-0.0477971845173148,-0.0935319786857617,0.082049063378929,-0.0320941629042123,0.208198865647515,0.0126866498974619,-0.0268795006899132,-0.0407203352550933,-0.110903457431829,-0.221830416758214,0.14880713724176,-0.0134591193815275,0.0846588876082105,0.351832183189466,-0.101419876084783,-0.00880694517674604,-0.0461013590920201,0.115430281342208,-0.00551670671076807,0.131193963872059,0.00266009264356456,0.219504012299135,0.448527725964634,0.60940590497818,0.919801954914957,-0.0206371649058379,-0.174005567583756,-0.179992565081663,0.0913287735428046,0.124080294197261,-0.721345700473034,-0.167465318287521,0.334332917527589,-0.39497623726896,0.297765536182268,-0.0386734313778142,0.117530171893453,0.533568979458709,0.773951631969776,1.47920515219706,0.0801420823344231,-0.118153104315797,-0.17051154014342,0.32697756030145,-0.0103173548113658,-0.187788668981502,-0.190547625706395,0.0681528916830068,0.0193799795361934,0.299608627497365,0.000166017415352872,0.104182926633228,0.286065487321965,0.419819404889604,0.692267835434497,0.0803985568707913,-0.444675416050677,-0.729258639950741,-29597.7751454665
0.716416364820714,0.232138132900648,0.00799636297856553,-0.095947738778296,0.101738393995216,-0.0349881807287623,-0.0103938020344812,0.0259479219212634,-0.204675712909918,-0.29355056117319,-0.46850538200755,-0.699492691484421,0.0899257797583999,-0.180236524990705,-0.362176359416676,1.86180544520973,0.0144519057238125,0.0784663121524405,-0.101460603355891,-0.0138709310031267,-0.0360211148992894,0.164929125530779,0.00920306663807928,-0.173053558816002,-0.251975515402812,-0.325633388707432,-0.504119888228857,-0.107328375615276,-0.295429103367933,0.0454801017791958,-0.339802243020409,0.0539642305448046,0.184645871054495,-0.0253912650485842,-0.0173433752248042,-0.0881420705549564,0.23344838275663,0.0189331126274058,0.0633075067115416,0.177172123045831,0.238299516789029,0.482043551316995,-0.0448662466578178,-0.0907087446102939,-0.00623524320012791,-0.560586911935225,0.0762599612799402,0.0954896040193158,-0.0822262250645334,0.0677351219949858,-0.137913054205583,0.0774824774951557,0.0287103407887974,0.173452335335988,0.231909999652348,0.417244930574281,0.574744328453297,-0.199955878225574,-0.150607346202207,-0.18431643415293,0.460693653006062,-0.0153987005779484,0.0887557110510741,-0.0476901620813873,0.178664917076193,0.0196690425573029,0.105072923072211,0.00727939838300827,0.152618001005266,0.26136325878507,0.388083823006462,0.484934494435687,0.129881007623694,0.0246614688963435,0.0738462443456183,0.247238072172211,0.0660304095453816,-0.0481468259562191,-0.0939936295153661,0.0818263340511417,-0.0325321408309876,0.208002997566458,0.0127041275888201,-0.0270898795238973,-0.0415538909004356,-0.112206712983743,-0.220488831414638,0.148843066598754,-0.0146194427773721,0.0830934395844378,0.352438250081202,-0.101260833003323,-0.0115073580706092,-0.0454412593875528,0.115109917443349,-0.0053081362676257,0.133071438218784,0.00266682913207787,0.216543281601147,0.44632093197126,0.608385868238251,0.91883055353877,-0.0206242077368957,-0.173290173978342,-0.179635405180566,0.0926821946318668,0.124129243187463,-0.720555383139878,-0.167400317838463,0.333644157509813,-0.394797914381106,0.29695041550549,-0.0386908214691104,0.117514869671076,0.533895288233766,0.773395749060243,1.47979917902195,0.0792673268637858,-0.119501624788933,-0.170632090632254,0.327328097534027,-0.0103228492621135,-0.186466916492666,-0.190086943378199,0.0672970403447091,0.0199041846269914,0.297559177864328,0.000168484753620651,0.106989880318678,0.291440187399639,0.420925806079883,0.691367521861123,0.0775361601097759,-0.447024637738585,-0.732375121917956,-29597.7731744268
0.717414479360945,0.23221471155784,0.00752402649295352,-0.0960774314162547,0.101099348250122,-0.0349524276373507,-0.0115816636351332,0.0259541907724631,-0.204465432398647,-0.293436737204616,-0.468069148674609,-0.700018325831856,0.089880668905292,-0.180480499562562,-0.362589286254631,1.86290910004807,0.0146566218744084,0.0770430090944149,-0.102075265347284,-0.0143472451313257,-0.0358370723476796,0.164656519618585,0.00919920249526626,-0.17229522782387,-0.252633980145632,-0.324966771560946,-0.504225132040269,-0.107512986690887,-0.295848580223827,0.044787128743627,-0.339732755221457,0.0540305573968163,0.184115385015272,-0.0254727156335721,-0.0175301017602812,-0.0877579415545705,0.233213442058552,0.018911955645617,0.0618756981666587,0.175487242685625,0.237549093787062,0.479824558993896,-0.0409804383293499,-0.0880715324878765,-0.00371842910224848,-0.559728103923739,0.0763736768234758,0.094611771665987,-0.0825090909521626,0.067385196573908,-0.137943569964152,0.0759742018427916,0.0287072818468045,0.173877612100876,0.231613992495538,0.416749956100343,0.574183173445983,-0.198669918221192,-0.15055231074355,-0.185031083844578,0.461745684669096,-0.0152675266924719,0.0875823015051264,-0.0480904117076326,0.17822955921599,0.0197160821018848,0.105721080994865,0.00727420534178792,0.153313786373154,0.261367561336975,0.388747941014061,0.48410522826112,0.130033393800774,0.0243347457211753,0.0733110642474209,0.247680366786077,0.066216425336328,-0.0486500064121484,-0.0938139582458482,0.0818203458452862,-0.0329896831720416,0.20570293030198,0.0126904348575244,-0.0264532475899327,-0.0411226378134267,-0.111206427896349,-0.221265166554182,0.147913312731989,-0.0144468449585257,0.0831520783877611,0.353138777224712,-0.10109264273013,-0.00947240054763538,-0.0451431474708793,0.11467021820034,-0.0053762254325551,0.129672634493394,0.0026592952702375,0.217270122381976,0.445132492942123,0.606325066823309,0.916942756234506,-0.020439966332445,-0.172017972897624,-0.179754176147978,0.0944221443672623,0.124202658472015,-0.723485364589142,-0.167778362798609,0.332803331842126,-0.394769826798895,0.296405311101972,-0.038693997400063,0.117798305242221,0.533339889000931,0.774936643031259,1.48048081649883,0.0786456279591215,-0.11870853168019,-0.170793216951592,0.327667250830143,-0.0103645016785656,-0.187110924159488,-0.189175503160187,0.0663590616049565,0.0205556267292782,0.297752191123059,0.000154619252298329,0.106307950512108,0.288100969494276,0.421680251745281,0.692771234608205,0.078018671746638,-0.444784308331223,-0.730315566027162,-29597.7723313676
0.718116125031921,0.232310163310185,0.00641515910754211,-0.0959319792358513,0.100546900933761,-0.0348043510202293,-0.0121537319705823,0.025945684901919,-0.203034801909237,-0.294013557176329,-0.467285956803082,-0.699984932361292,0.090135799294755,-0.179941796452878,-0.362754596595889,1.86395529080621,0.0148486849901839,0.0767906864401603,-0.102084045163824,-0.0149131994398161,-0.0357306438137293,0.16214502356558,0.00919719031991484,-0.172047265010581,-0.252870244142028,-0.324571691036287,-0.505421741246383,-0.107793089144822,-0.296217902938613,0.0437730986255535,-0.338685184384685,0.0542917176859319,0.182962664307711,-0.0254653303296392,-0.0174776773739685,-0.0879562605203044,0.232271954072327,0.0189235298721952,0.0607434874172807,0.173665140933343,0.236385926454249,0.477627640915199,-0.0429879761338923,-0.0885284841236873,-0.00459558246686192,-0.558908698917713,0.0764965280999875,0.0939707727763863,-0.0820715892385621,0.0668710195595198,-0.137657194225341,0.0754519633434916,0.0287064501686501,0.174013069450678,0.229893671333552,0.417213299734442,0.573129537868291,-0.199958448126058,-0.150401688143478,-0.18539259459727,0.462687647953886,-0.0151118073947207,0.0872678771610285,-0.0478497736052155,0.177706784847027,0.0196797911639359,0.106179298707255,0.00727024383820414,0.153710420853478,0.260632741705243,0.389239469747158,0.483575265476755,0.129781300190379,0.0246456972245699,0.0729031052920101,0.248247385748939,0.0661652153812337,-0.0494553552370838,-0.09438242266075,0.0815606484331431,-0.0327632513875233,0.206845766347384,0.0126763076315827,-0.0257508696091865,-0.0415980950811382,-0.110475058752088,-0.221339112795117,0.149703268530345,-0.0133193929740287,0.0837929186703467,0.353978470025428,-0.101024998706845,-0.0124152702927493,-0.0459651403612069,0.114291307229217,-0.0052428227881148,0.129039067802736,0.00265728231191808,0.217588929289597,0.445503845093634,0.609452398135035,0.917020076446723,-0.019645153735452,-0.173140780510514,-0.179231116908628,0.095759895255919,0.124378403258673,-0.721821392735642,-0.167843655362022,0.332068321091164,-0.39496205142714,0.295044391261518,-0.0387085382141587,0.11844651944394,0.533255275802159,0.774658228309991,1.47889207835873,0.0801464468740507,-0.117910995429531,-0.170964344551981,0.328504081693696,-0.0102481470336896,-0.188067336077971,-0.190281111906463,0.066060706442467,0.0207306827056178,0.29692042737639,0.000147976756253756,0.106421899624944,0.289024048821449,0.420897612426318,0.69021148008287,0.0805702646146357,-0.443538791748945,-0.730091095259023,-29597.7700780084
0.718773819167935,0.232460721092911,0.00573726598800981,-0.0963483570921461,0.100217500983018,-0.0346160272249177,-0.0117902393059417,0.0259324204481636,-0.203366811804054,-0.294113346664826,-0.466332053492173,-0.701406192388341,0.090765663570603,-0.179708136801422,-0.362652318631065,1.8647475310315,0.0149739446364593,0.076074533767192,-0.101985880749327,-0.0154830977274146,-0.0356137616947044,0.161487284357352,0.00918776513431703,-0.17200754582765,-0.253658754451378,-0.324437636031788,-0.505972306636334,-0.107165208140894,-0.295665722710404,0.044270714981904,-0.337436244566296,0.0544771183794103,0.182912877510146,-0.0259703568604672,-0.0177093500438119,-0.0883672500767764,0.232299757706753,0.0189407856660462,0.0629364257450885,0.173382005839502,0.237344476655766,0.477246535290411,-0.0446787187052093,-0.0916096931979826,-0.00754801863961166,-0.558185212318331,0.0765943121747417,0.0932888153190982,-0.0826395140515004,0.066353135703863,-0.137249717213979,0.0758714016487787,0.0287046552277552,0.17380868544252,0.229973780991123,0.418011549575872,0.571943099087489,-0.199335155768941,-0.150492746522651,-0.18516460508635,0.463474523138798,-0.0149640459012734,0.0863671254032081,-0.0481395899566064,0.17720527612563,0.0198043554636583,0.105011284109021,0.00726503637254857,0.15361539686285,0.260201605412745,0.389405975685388,0.482799768281498,0.130775134854171,0.0249990176976986,0.0731924155558252,0.249125828828373,0.0660639473346145,-0.049852651437849,-0.0939981801609733,0.0808446879990095,-0.0323108405847071,0.206410673020656,0.0126764565321843,-0.025309653387536,-0.0421907084407856,-0.110314429208974,-0.222296258878023,0.150450862956851,-0.0128801366538658,0.0837026423634374,0.354583256034181,-0.100964323114985,-0.0120985364130648,-0.0457752184875331,0.113746955053088,-0.00535410784397221,0.129958196212594,0.00263887338775472,0.219716535970744,0.446845398771087,0.609414404865368,0.918260600745794,-0.020410079093193,-0.172169420768225,-0.181331294385489,0.0969397131099766,0.124663402250776,-0.724309062232749,-0.167955201127337,0.3316165511912,-0.394754777686507,0.294569184251393,-0.0387218715317204,0.118087723138673,0.532139192139047,0.774626323159426,1.47800963451741,0.0805216992676829,-0.118406668116286,-0.170839495874776,0.329773248230156,-0.00990954251967525,-0.189149553365932,-0.190330918878142,0.0661177207378546,0.0203129657165069,0.296021106661773,0.000149311799286139,0.10668174996648,0.286986724562814,0.421183650341172,0.6893303934549,0.0789181698020127,-0.446274123066784,-0.73160057781821,-29597.769125298
0.719817680386906,0.23270422688787,0.00575810770788061,-0.0965223487552005,0.0998345046099165,-0.0345865415214646,-0.0122852774433331,0.0259243256350685,-0.20357174369051,-0.29467096997195,-0.467866479647348,-0.701067647378217,0.0903864019267691,-0.180300936502979,-0.36318461238123,1.86563150710722,0.0151225926912897,0.0755452434475966,-0.102377915458841,-0.0160164239187436,-0.0353909375622053,0.163758442340169,0.00917257027897496,-0.171895231598053,-0.253352036980729,-0.324029368299746,-0.506210833669376,-0.106620574523482,-0.295456581120308,0.0444465677753422,-0.33685835848489,0.0544083723244372,0.182605417298242,-0.0253430225021355,-0.0185921112353219,-0.0883977348186507,0.232322147011168,0.0189234443352328,0.0614125580018883,0.175797716987285,0.23896546267237,0.478647910984397,-0.0433388521305407,-0.0901070974190947,-0.00700392257312043,-0.557426593285,0.0767751468423679,0.0933652556191578,-0.0826098269905946,0.0658008686627043,-0.137124791773547,0.0758117549305747,0.0286927298355376,0.174306125737777,0.230461480866098,0.416883594396557,0.572334629245886,-0.198522313886305,-0.150641663814435,-0.185930699393568,0.46435027724285,-0.0147673960183023,0.0860391675053476,-0.0484886559307107,0.176670429489139,0.0201215113578635,0.104693216036312,0.00725362129450065,0.153660327707419,0.260190748336197,0.38921406586366,0.482520406893155,0.130640984502493,0.0245682220090791,0.0728064971236168,0.250361015001381,0.0661279753068797,-0.0495350534523356,-0.0937452333386579,0.0801010652109116,-0.0317589605859166,0.205436897169444,0.0126809051364311,-0.026398782172335,-0.0419207415932177,-0.11013325119237,-0.222895450992068,0.148907738044829,-0.0141869681341523,0.0828996060260546,0.355489286740628,-0.100876679788277,-0.0127476764936499,-0.0459025137747155,0.113163607096818,-0.0052433312838516,0.129150730497785,0.002624391333669,0.219620163694952,0.446425380458823,0.611827798652732,0.917685856436754,-0.0194456838339632,-0.173180192538876,-0.179234013598494,0.0981824047298381,0.125054807792862,-0.724689608806387,-0.168536935492198,0.331223506599081,-0.39440401160092,0.295451371517887,-0.038741283268872,0.117447847178617,0.53162521615825,0.77431872563633,1.47741063618975,0.0792035842561588,-0.119140040381883,-0.171668899594811,0.330986347589928,-0.00962753027600648,-0.188973933047656,-0.190258742059949,0.0659289312782693,0.0197374080963033,0.297354052253879,0.000136690576036226,0.105538307334362,0.287050658053503,0.420980125065151,0.688521225213871,0.0775893192258756,-0.445527591336206,-0.732444076809573,-29597.7681824201
0.720792097501861,0.232900387109213,0.00555021355963542,-0.0964218171657386,0.099317016753725,-0.0345727794482613,-0.0116845605227761,0.0259154151657809,-0.204207827166178,-0.294061984919068,-0.46705845085334,-0.701345463857946,0.0898003982551581,-0.180823968846036,-0.363190365042261,1.86664861847498,0.0153215103830321,0.0761555540279351,-0.102431679337649,-0.0164423830511572,-0.0351991792261628,0.164464516379413,0.00916022385796445,-0.172650204177388,-0.252728682375891,-0.324476056263637,-0.505450410424181,-0.107658591393522,-0.296449254918764,0.044020992700047,-0.336352079576322,0.0543690437668011,0.183239287885007,-0.0255603890539972,-0.0193232535338551,-0.0875885587224059,0.232322387525093,0.0188979050255681,0.0623637737253107,0.174943402122516,0.238401278875215,0.479212170738518,-0.0421083668201941,-0.0888961758917825,-0.00392861787101682,-0.55659755888748,0.0769980894864084,0.0932864644312132,-0.0824048191738025,0.0653671080186444,-0.137246323679851,0.0757646111706011,0.0286797504719452,0.173618161782638,0.230328265454612,0.418041124200626,0.573023494747224,-0.199926085426684,-0.150966180477218,-0.185378116421966,0.465266786828019,-0.0145565601788913,0.0865112030680523,-0.0482946807918884,0.176156953359982,0.0202920020975702,0.10528827323166,0.00724167289026747,0.1529775575093,0.260629508165157,0.389364072361506,0.482962487869981,0.129446230409398,0.0238468659592343,0.0726158317463283,0.251410688475425,0.0663837629331891,-0.0497930480607033,-0.0943579752414014,0.0798111840204252,-0.0317505546400849,0.20646868304604,0.0126719347377339,-0.026409793105757,-0.0421001721895674,-0.111047914793402,-0.22222672215216,0.148663368185762,-0.0149798264335839,0.0823624863725204,0.356626875401855,-0.100650149751175,-0.0119196454226236,-0.0460265160931574,0.112735705517189,-0.00497348613772055,0.130056073993126,0.00262222587160019,0.217860979425236,0.446618858873105,0.608737230621623,0.917806694232805,-0.0199833224244921,-0.172900175754735,-0.180322084315855,0.0992637848260371,0.125352027079802,-0.723548403982515,-0.168768879338986,0.330710594387031,-0.394334517551252,0.296292731308622,-0.0387619082046221,0.116829622878451,0.532157787055721,0.773968672942853,1.47714857167198,0.0791355343061181,-0.11935905570569,-0.171565499122012,0.331831313004093,-0.00954678497172369,-0.188622362578954,-0.190839741017575,0.0654006306254038,0.0199958337619437,0.297684446345763,0.000115118846258924,0.105113253889763,0.288147896340807,0.420279386691491,0.689666788857611,0.0795605412398192,-0.445447532334944,-0.730928710026668,-29597.7662605539
0.721619991417984,0.233022504694995,0.00628759625701689,-0.0966558322509834,0.098731624144787,-0.0343770166179945,-0.0105619815161183,0.02590145941431,-0.204411810715056,-0.293425977182754,-0.467643881377671,-0.699614113157872,0.0898166579349333,-0.180789063420074,-0.362704256232591,1.86777746303854,0.0155334478236345,0.0762488650183152,-0.102502219089864,-0.0168416261348524,-0.035238187262966,0.162617388882172,0.00915358100538584,-0.173035874647035,-0.252885506289319,-0.325166043091916,-0.505319680957204,-0.10830828359087,-0.29706323953666,0.0437543698942213,-0.335296519470878,0.0546888069506884,0.183344352345949,-0.026127640829894,-0.0194510459157325,-0.086816734609494,0.233636129212975,0.0188911823569741,0.0616015850039061,0.175049530748662,0.236771290499037,0.478660707771013,-0.0441108978931427,-0.0907237791381404,-0.00658758137894871,-0.55566779790338,0.0772063047572083,0.0938229462768197,-0.0830125745974592,0.06502733606695,-0.13720339003726,0.0767301420836754,0.0286691446410914,0.173120108347678,0.231049244193312,0.417351697106491,0.573487086533223,-0.200329195766433,-0.151414625003617,-0.185271286893914,0.466229483659905,-0.0143706327451379,0.0867536884161725,-0.0484466777695928,0.175679089158697,0.0202677254321611,0.106768373673421,0.00723069542159304,0.152703721354955,0.261131369151484,0.388622449070824,0.483813860512383,0.129667793961093,0.0237839817590964,0.0728832952352231,0.251956550340643,0.066756586815506,-0.0495308900693918,-0.0943008012415017,0.0797003635469289,-0.0322787264586677,0.207759332988184,0.0126356863946756,-0.0272820793880355,-0.0413642290544262,-0.111014015019405,-0.221947841926431,0.148794697109387,-0.0142509071151437,0.0835657601796308,0.357778938625402,-0.100371584113041,-0.0123021089000492,-0.0461554320891896,0.112422659686144,-0.00461945921900083,0.130915340412883,0.00262124281976234,0.216377370093288,0.445214731269913,0.608093202391113,0.916938825053539,-0.0210842981284933,-0.173824528960941,-0.180564224502765,0.100332233281953,0.125503601147021,-0.724210449429508,-0.168602326042121,0.330032096163977,-0.394412252373537,0.29593986482599,-0.0387725350410386,0.116751509769605,0.532662374971962,0.773101868028596,1.47860248590701,0.0795560265932529,-0.1189738112168,-0.170857380968248,0.332594092205711,-0.00955770886196245,-0.189238997014335,-0.19045835473428,0.0644939845132499,0.0209430807598389,0.297550331216737,0.000101677322581213,0.106082141025004,0.288161232159085,0.421442176779706,0.690767790813369,0.0788189686615984,-0.446001081550263,-0.730821586765651,-29597.7647820019
0.722581087987047,0.23320016828499,0.00575548498740941,-0.0967792928111959,0.0983228807358985,-0.0340899738025098,-0.0104838127825306,0.0258904534652296,-0.204318738377194,-0.29385834325646,-0.467909342656209,-0.700597552175582,0.0893458674274742,-0.180867959466036,-0.363193049300134,1.86864093263127,0.0156918764292484,0.0759332499545217,-0.102712827075019,-0.0172801250342777,-0.0352172967922936,0.163689734920786,0.00913884054765084,-0.173375951735173,-0.253011279152957,-0.325350303132693,-0.504845197676254,-0.108094444616175,-0.296440489530952,0.0442271982184503,-0.334049785113766,0.0550945834295048,0.182207649233449,-0.0256776126475886,-0.0196156088011728,-0.0877668237497048,0.232984665027848,0.0188929797174187,0.0597670755899039,0.174345849498764,0.236751865332421,0.477976523210049,-0.0455676245668959,-0.0914715673878767,-0.00670788954035806,-0.554780322168983,0.0773679436013894,0.0930214530216754,-0.0829226899663279,0.0646002611768376,-0.136928010654758,0.0769556209409014,0.0286570899963651,0.173264919595704,0.230931019884647,0.415905736628545,0.573208770163124,-0.199485290265881,-0.151357564496146,-0.185961449144176,0.467151831460554,-0.0141832793531092,0.0861043488962211,-0.0488691156678978,0.175317914147437,0.0203199755589774,0.106440018039837,0.00721549909882903,0.152724355797389,0.26081099074121,0.388565810334269,0.483762307738316,0.129711324944438,0.0241227383124284,0.0729947606109863,0.252826352994115,0.0669699836193627,-0.0502275788582563,-0.0952086155330439,0.079250775108143,-0.0322109200561316,0.20743516644722,0.012628158673717,-0.0260381105001178,-0.0418041386278234,-0.111353230201006,-0.220790031630437,0.149253619649407,-0.0142108870599822,0.0832625229630641,0.358518028797117,-0.100186158236634,-0.0114283566365885,-0.0463930838235052,0.111984423871418,-0.00465377396696065,0.130504154980514,0.00259871269526692,0.217525728755808,0.446040449858154,0.607556594011917,0.917119151054012,-0.0211254691277901,-0.174065094598012,-0.180077297811616,0.101440438631865,0.12555698705316,-0.724411940754835,-0.169058629704456,0.329322153018641,-0.394274560259556,0.296676433456739,-0.0387767414714316,0.117241633164091,0.532988999883094,0.774921625162201,1.47945106938329,0.078874129854345,-0.11935289060732,-0.17127933305385,0.333493492068442,-0.00946948946265529,-0.187563921077533,-0.190803039107066,0.0637124162833583,0.0214418122592453,0.29789283339208,9.91381218983875e-05,0.105588516952188,0.289560117163408,0.420277337653075,0.69128399328442,0.0772351944708582,-0.445950199269318,-0.731781223347119,-29597.7642558938
0.723718174764497,0.233418932149693,0.00497856858143134,-0.0972221258380328,0.0979160155012322,-0.0340152218403614,-0.01151307807149,0.025879425530728,-0.204292752830821,-0.294337400146409,-0.468699659655709,-0.700912623921287,0.0891405947999257,-0.180911852626415,-0.363378598068406,1.86960421907478,0.0158862892934865,0.0753231006751819,-0.103156370742789,-0.0177563727816044,-0.0350641530433212,0.164542181018587,0.00912289592680441,-0.172616443115041,-0.253207189941993,-0.325529907998274,-0.505418526689649,-0.107956359744138,-0.296190176294342,0.0439643108128432,-0.333061381382928,0.055352511359415,0.182570381929435,-0.0267563881968388,-0.0200611223168528,-0.0883895337283306,0.233388426932986,0.0188776608486492,0.0612947323022146,0.173569201623611,0.235768950855078,0.478361149336161,-0.0435021156784074,-0.0904630629169898,-0.00593621554274417,-0.553688365425465,0.0775325950335184,0.0927011437963497,-0.0833203212364863,0.0641025703419821,-0.136722261936869,0.0765870998099197,0.0286445605240881,0.173359093505322,0.229803395983112,0.416452582004167,0.572771223439058,-0.200577371406996,-0.151114771086645,-0.185744507977323,0.468240153115328,-0.0139742693043749,0.0856273757038686,-0.049256534030516,0.174896143826116,0.0204433933170791,0.105751000274904,0.00719974934888303,0.153059077417306,0.26044712707635,0.388177078301734,0.48337898348379,0.129159009658036,0.0240454212463264,0.0726696932555738,0.253863339358869,0.0671724777694622,-0.0505892723682019,-0.0949130018735528,0.0784288783628637,-0.0317380156626554,0.206231119999098,0.012623671882708,-0.0268414261570674,-0.041361871003201,-0.111430409822844,-0.221902774500983,0.148004487189349,-0.0145176837147552,0.0827973795377764,0.359398325387859,-0.100027534907954,-0.0137565650101641,-0.0467297532488792,0.111436931721665,-0.00473198505765503,0.130756723834502,0.00257880372785617,0.218098604098534,0.44624013113383,0.608607979108027,0.918234364378158,-0.020433020763411,-0.172939664309864,-0.180642026177258,0.102558728822484,0.125711847512232,-0.724280028650224,-0.169261931508149,0.328721611447041,-0.394075848326563,0.296258259990432,-0.0387919805213748,0.118303008679933,0.533378964532154,0.774089163718347,1.4791018932228,0.0785657451752435,-0.119593470482279,-0.171788047902475,0.334591922442104,-0.00918336973505655,-0.18972555491005,-0.190876971236872,0.0632294027192771,0.0212188385095806,0.297558481092002,9.33833178299772e-05,0.106068721098577,0.288013852885556,0.420308437784605,0.69029525756019,0.0784083749009252,-0.445505014401388,-0.731995861600394,-29597.7623494531
0.724696835710606,0.233622706848109,0.00446650933174599,-0.0974742723766721,0.0974684492568954,-0.0342027856428779,-0.011592053192581,0.0258623581995824,-0.204185898221928,-0.294774572345496,-0.468213768088212,-0.700778583212233,0.0899185242111007,-0.180380194133916,-0.36335238321902,1.87066334439896,0.0161200022516426,0.0743054652151337,-0.103436935327692,-0.0182316527507315,-0.0348812424705942,0.163002904756518,0.00911229959097009,-0.172360146573453,-0.253362859457471,-0.325560975167703,-0.506037308387067,-0.108339044399088,-0.296702449915165,0.0433850886462538,-0.332620879926652,0.0554163891906514,0.18094428236175,-0.0269066810592936,-0.0207884526115692,-0.0871686582734921,0.232611618185483,0.0188465151066752,0.0618256586602061,0.175273499714895,0.237508263033571,0.47839085887104,-0.0441684049800708,-0.0894427514952988,-0.00642996534119255,-0.552562898548882,0.0777217463926252,0.0920893604318399,-0.0837665661361055,0.0636326489616436,-0.136863635581023,0.0758065768193538,0.0286336241713182,0.173296077259277,0.229904589138863,0.41673809670053,0.572546534234072,-0.200166262382392,-0.151034371402051,-0.185799145240023,0.469396089147319,-0.013787113135766,0.0848787328474123,-0.0492535107940497,0.174375584151262,0.0205117861984145,0.105511993031753,0.00719018877915841,0.152995151788821,0.260107971843661,0.388078022759428,0.482738093598576,0.129304994933243,0.0239206338010726,0.0721114945747321,0.254988655805602,0.0673318599015542,-0.0513108007715823,-0.09516976661975,0.0778104716984071,-0.0314144381298715,0.207324731826573,0.0126175640393165,-0.0260783477531034,-0.0431164341400335,-0.111976478558529,-0.222709311853466,0.148515761463166,-0.0143987800083325,0.0824523370131448,0.360488855338958,-0.0998240397191634,-0.0132480806301772,-0.0471573372481254,0.110894848399772,-0.00474381663322668,0.129783415716615,0.00256929202064079,0.218277243148474,0.446083322591501,0.609058554134923,0.917848816559646,-0.0213642209768061,-0.172952338893421,-0.1803014228722,0.103603857397784,0.126023016660923,-0.726022600120223,-0.169212426687762,0.328421530175174,-0.393983138600427,0.295615161887907,-0.0388103854234735,0.117145004098452,0.532045715102682,0.772918246372281,1.47815835925317,0.0790461320266903,-0.118942106312727,-0.171940068905834,0.335688283296136,-0.00871920125108772,-0.190717521148944,-0.191565399133151,0.063269033249325,0.0206586934647096,0.297276939373757,7.47713634586341e-05,0.105411774463596,0.286700078752022,0.420093298838294,0.689199072651776,0.0786936288369149,-0.446123421827907,-0.730919681069024,-29597.7611074499
0.72569059873172,0.233843630730633,0.00381080378910383,-0.0976408802131238,0.0970164566990324,-0.034121522037921,-0.0118937178778892,0.0258467431926092,-0.203873511161201,-0.294372044817627,-0.46743140185538,-0.701258001707694,0.0895099186298593,-0.180537034817477,-0.363233216219834,1.87170334774528,0.0163571189267081,0.0740651161107654,-0.103464097761738,-0.0187367809169564,-0.0348654259112973,0.162236450360544,0.00910000467507678,-0.172792763535595,-0.254218381023682,-0.325032582825094,-0.50597830254843,-0.10804850015184,-0.29643883608231,0.0434648468531383,-0.331659765955413,0.0555229845531617,0.181249150225864,-0.0266956184285472,-0.0215678385487294,-0.0864199842451494,0.232463876806304,0.0188351140336899,0.0626046939155992,0.17370633938613,0.237397815357976,0.478755776375777,-0.0436323201515874,-0.0906638226048383,-0.00632950938793309,-0.551572691894095,0.0779471486980185,0.091606014117608,-0.0836370297620957,0.0631727226105053,-0.136931171287138,0.0756507516386601,0.0286178499068774,0.173721011292388,0.230179996865687,0.416672683013167,0.572579045822289,-0.199889005362133,-0.151078632130045,-0.186075413183151,0.470474564473855,-0.013586585691878,0.0845103916841702,-0.0494863276596254,0.173862226134784,0.0206093487139625,0.105626944797857,0.00717967347379994,0.152870996720933,0.25961739143029,0.388519247906642,0.482568451533661,0.129748467838494,0.0240791479433015,0.0723280874060488,0.255979533196991,0.0675748109294816,-0.0515705558163525,-0.0955012460762902,0.0776128274984995,-0.0315633681638604,0.206080674870985,0.0125939736276228,-0.0275643553237209,-0.042242534199595,-0.111213979844393,-0.22273381556988,0.14895375287559,-0.0141133826665102,0.0828218373206492,0.361631273870695,-0.0995594123908497,-0.014716130342144,-0.0470792196889278,0.110460023469918,-0.00451916752745974,0.129173495522317,0.00256327842461361,0.218271216835353,0.44520246950894,0.608560062917863,0.916794343580699,-0.0198644234496576,-0.173942998052343,-0.18131430087788,0.104689592089325,0.126362303650599,-0.726288933406039,-0.169902676282,0.328185465356064,-0.393972408608887,0.294999259657355,-0.0388241329550292,0.116404505793907,0.530701795034414,0.773573068503083,1.47706424291654,0.0790813189948548,-0.118822795383374,-0.171356953860683,0.336618406973319,-0.00835587065654901,-0.190267724661969,-0.192072240389213,0.0631598752879021,0.0205255358873287,0.29716574744986,4.73194232823878e-05,0.105075536892001,0.287009807748855,0.419473543984835,0.689085939923999,0.0777707308615789,-0.44536527377797,-0.73260853398825,-29597.760315654
0.726639050105277,0.234083854508802,0.00375923230266324,-0.0977684624582773,0.0965549082126297,-0.033912150733434,-0.0120089302134171,0.0258326419313639,-0.204307078367525,-0.294497536946947,-0.467679322548027,-0.700970638183683,0.0896432187427226,-0.181297118934725,-0.36381373149091,1.87260749707832,0.0165717054763315,0.0741352014143457,-0.103649988326255,-0.0192091697550583,-0.0349015199098264,0.162688004571855,0.00908183550044541,-0.173407845785363,-0.253639561637795,-0.324872287823732,-0.50613605104571,-0.107577200411479,-0.296423436617564,0.0438316124777376,-0.330161261757741,0.0557639527424726,0.180995183711961,-0.0269157163953036,-0.0219875504788497,-0.0870594955744425,0.232084894330324,0.0188382077062443,0.0606275844309914,0.174173123756226,0.237080119791547,0.477157311881627,-0.0433256290186861,-0.0906160247211026,-0.0059759016253233,-0.550712166099657,0.0781853786833601,0.0910558578610309,-0.083843690638179,0.0627642654557525,-0.136688504302984,0.0757096826388752,0.02859885911541,0.173266997660383,0.229760063328326,0.417369107387364,0.572647703956732,-0.19977194779132,-0.151446203991898,-0.186164086717281,0.471341231925416,-0.0133609449207441,0.0844431794213387,-0.0497523187912679,0.173408085151468,0.0207157760927259,0.104915659801278,0.0071611854789212,0.152477569890207,0.259927543427884,0.388809591046897,0.482697767150982,0.12988568993089,0.0238473110413471,0.0725398674466042,0.256969763366167,0.067785455543569,-0.0520542802880619,-0.0956188859868559,0.0773706049788074,-0.0319184634940259,0.205613423120745,0.0125714441149659,-0.0265002740664129,-0.042410214625352,-0.110881347253563,-0.222515913141868,0.148927649343681,-0.0144730609188165,0.0828637501136445,0.362585191109983,-0.0993157200756622,-0.0142121869574067,-0.0471694431888814,0.110059352770181,-0.00423896489188985,0.129880755040459,0.00254503091930039,0.216309582555805,0.444928991046013,0.608103868856594,0.916258397737521,-0.021160755400238,-0.173493098167423,-0.180700723035583,0.105645888278126,0.126666102057505,-0.725753350038503,-0.170228947056587,0.32785742212597,-0.393973955877876,0.295085481688125,-0.0388434557031155,0.116281313256668,0.531229099243966,0.773268760795069,1.47662198660896,0.0792546751031512,-0.119850812771987,-0.171794381415346,0.337508036898781,-0.00823113587520341,-0.192074137530972,-0.19167652462377,0.0625578802821603,0.0208472036055014,0.29651316356848,2.76323782824229e-05,0.105402561755639,0.287541084524764,0.420791095621197,0.689201032039035,0.0784553232536277,-0.44622785736773,-0.732127346969417,-29597.7586717655
0.727586681772699,0.234321636618557,0.00354324124493794,-0.0978772267310467,0.0960983637111631,-0.0339135772286048,-0.012096079255223,0.025819631699193,-0.205372726512246,-0.294749155302433,-0.468125893077929,-0.701727502532855,0.0897364058790628,-0.181052949713275,-0.363203957596106,1.87353543772967,0.0168074379069412,0.07353749377331,-0.103907896424866,-0.0195444802173983,-0.0347814902383578,0.163390001958362,0.00906342574595511,-0.173205799897412,-0.253229435401773,-0.325341004542085,-0.506068343052624,-0.108004412300944,-0.297094823944603,0.0437321613503711,-0.329079756282616,0.0561162082360724,0.180807274634562,-0.0271473475229144,-0.0219955853516511,-0.0876979889303898,0.231985816859569,0.0188185648246981,0.0601137793570599,0.173731918111964,0.236690399900323,0.478083832162988,-0.0445161924981188,-0.090603840382558,-0.00715392273749531,-0.54982843823911,0.0784350993586258,0.0914647345794314,-0.0842510165274793,0.062339038265685,-0.136531677746157,0.075538647773548,0.0285831495096282,0.172539736476959,0.230173312865127,0.416952892858344,0.571799063162509,-0.200166642880035,-0.151549334995019,-0.185543734464213,0.47216985964643,-0.0130980797800339,0.0839337329149593,-0.0498008927894947,0.173047758358549,0.0207347679184891,0.104859537078134,0.00713914188168147,0.152344264792912,0.260473499381664,0.388598353164298,0.482586915494413,0.129328544896223,0.0235200856651286,0.072475704586735,0.258024016405539,0.0679290004485822,-0.0521583489590508,-0.0957770278130441,0.0768444712771888,-0.0316331782428965,0.206347897727664,0.0125604802884429,-0.0271505210031824,-0.0419421647519971,-0.111084556159718,-0.222258577188243,0.148582276793859,-0.0151325422695555,0.0824640029496508,0.363493518638932,-0.0991187180862737,-0.0144879689245518,-0.0477328657242482,0.109674756242343,-0.00434419349003735,0.129523482599251,0.00252413194549358,0.217314738363213,0.445137414436052,0.608334311019815,0.916403543823178,-0.0201728624191816,-0.173769534289163,-0.180242023377651,0.106554560463889,0.126836282065887,-0.727396545020215,-0.169988204125177,0.327317980107123,-0.393983933837031,0.295824904907625,-0.0388631086180437,0.116474566048423,0.532176142727027,0.773143108697289,1.47760133322204,0.0789411058935072,-0.119752606510162,-0.172010406949091,0.338517493654751,-0.00827182268156485,-0.19012737094813,-0.192097212490724,0.0616036995941961,0.0212437007085759,0.296797949232941,2.14263454062552e-05,0.105513696049083,0.287733949218151,0.421178830138339,0.689982209516453,0.0787082038703976,-0.446347895556215,-0.730664989146891,-29597.7575464722
0.728609188841626,0.234575696492083,0.00343305553671153,-0.0983730203297819,0.0956698216620098,-0.0339185880607314,-0.0113299060147729,0.0258010860496804,-0.205012003223302,-0.294669561543748,-0.468604158561359,-0.701473094216439,0.0894954856800073,-0.180936453438242,-0.363023442718265,1.87467420999454,0.0170658259763352,0.0732967349262776,-0.104271743147994,-0.0199332487661968,-0.0347149270740411,0.16305828328522,0.00904750819618913,-0.173536108637741,-0.253732434188037,-0.325663541931862,-0.506335947759803,-0.108430239325649,-0.297098406058214,0.043534589782633,-0.328371520486703,0.0563920575016785,0.179993256318313,-0.0277844717382421,-0.0221276861744135,-0.0873913356859785,0.232789458554909,0.018782274333492,0.0611484306568773,0.17455904998885,0.237016330109397,0.477389095638619,-0.0442521087168629,-0.0915439148421345,-0.00595808589893593,-0.548692991849777,0.0787178433729686,0.0906414665991705,-0.0843839604704728,0.0618621420945275,-0.136616465320115,0.0759910456955225,0.0285707583847777,0.172486919710027,0.22979692099579,0.415684510967339,0.572276437082856,-0.20009019316648,-0.151581688721802,-0.1858573483583,0.473266670273348,-0.0128138227738213,0.0838207130123667,-0.0502378936240022,0.172635372425935,0.0206561884521628,0.105818123670012,0.0071238847821274,0.152338561567366,0.260162746474622,0.388091059806266,0.482651071805127,0.129335293099829,0.0234776918689924,0.0724568347125159,0.259145901756477,0.0681270409208355,-0.0522400242875399,-0.0960102342664855,0.0762059876836586,-0.0312049177465445,0.206826228443306,0.0125506845248958,-0.0275250399306733,-0.0425040303677338,-0.111998514707864,-0.223083645279236,0.148228571609828,-0.0147934228992847,0.0828335404861794,0.364582766758734,-0.0988802460631085,-0.0148228250316861,-0.0477503130862553,0.109171535532291,-0.0046079776984817,0.130087153416082,0.00250559002758398,0.216887912668353,0.44640158923327,0.608522561354283,0.91764876734941,-0.0212543643266244,-0.173810871122156,-0.180703791863035,0.107621080897337,0.126928957486814,-0.72650581232955,-0.170364489742093,0.3265796094344,-0.393914960719521,0.29574002306083,-0.0388779270679153,0.116870635847608,0.532396204705474,0.774019212039847,1.47837749140948,0.0788972961360495,-0.119403784155534,-0.17120186871638,0.339847805902438,-0.00809445009814315,-0.191885894493098,-0.192019393009425,0.0609956759132904,0.0214674490451969,0.297154082221727,1.84474644375662e-05,0.104787488429641,0.28835814510966,0.419725624056391,0.689908743107029,0.0782539966822518,-0.44563228319319,-0.732107518286476,-29597.7563724223
0.729689969527755,0.234814878180959,0.00235695770248438,-0.0986687502810485,0.0952956000973135,-0.033826945568539,-0.0112402327859566,0.0257831689457377,-0.204388636393441,-0.294271911921007,-0.468701246272163,-0.70086051809338,0.0888478506468812,-0.181281497983007,-0.363777095571417,1.87578864172286,0.0172799767349138,0.0729922784765202,-0.104565554295179,-0.020435688496117,-0.034770812760303,0.163369414346644,0.00903385473542491,-0.173560632181435,-0.253863975599069,-0.326268491945674,-0.506150853697521,-0.108522709208982,-0.296494852866974,0.0437518159030632,-0.327431176570508,0.0565357626921239,0.179578448813825,-0.0280309159423478,-0.0228546114746613,-0.0869916908269205,0.233518923321959,0.0187691549240938,0.0609543360117096,0.174179393629514,0.235473593153845,0.47848111638117,-0.0442529091612304,-0.0897897621728572,-0.00602818953799971,-0.547597520445457,0.0789599316883601,0.0901759657786335,-0.0848200511140908,0.0614331302217607,-0.136646487253114,0.0766992781126749,0.028554491674552,0.172836486642111,0.229712175875284,0.415996500532166,0.572377268291609,-0.200647419559535,-0.151477060369268,-0.186139090386329,0.474398300362117,-0.0125717210821924,0.0831811944658669,-0.0506756710499139,0.17216963838748,0.0206804711988537,0.106286520616813,0.00711290545817768,0.152197030074166,0.259891506659462,0.387399849470604,0.482744402235694,0.129149337445023,0.0239137272060803,0.0724790025348039,0.260057134785759,0.0684611447179963,-0.0528610016439701,-0.0964178260651365,0.075859604462813,-0.0313206267979107,0.20698173527774,0.0125316735274797,-0.0273870449980096,-0.0429045670457626,-0.112712703571528,-0.222880528474541,0.148531513539208,-0.0144395060415985,0.0829093728860678,0.365659932180144,-0.0986479096853837,-0.0153627568720815,-0.0482470051955989,0.108741300462383,-0.0045090601379345,0.130268285791224,0.00248999707431651,0.218138521431957,0.445838558653168,0.60813120529017,0.917415427512259,-0.0213984226317217,-0.173632542187268,-0.18075319430259,0.108762426239277,0.127119261620804,-0.726790704433587,-0.170732950326898,0.326032186760153,-0.393732130231609,0.295761563266486,-0.0388879183959346,0.117217041174365,0.532618315387746,0.773593954323492,1.478325220522,0.0786115653932503,-0.119353670978769,-0.171597026872902,0.340958698851526,-0.00769854512188024,-0.191307600583735,-0.192471198949758,0.0608560892839227,0.0213633452629887,0.297756471667117,-2.94107536936135e-06,0.104985353098854,0.286663835534767,0.419448318258586,0.68862354834095,0.0774536986127731,-0.446667387275677,-0.731908215977135,-29597.7550515271
0.730773214078694,0.235012666869337,0.00230630252979749,-0.0989741875653261,0.0948332802681924,-0.0338278730746793,-0.0109238165291278,0.0257678225018698,-0.204475991897982,-0.294954386880672,-0.468930496859397,-0.701247217277975,0.0889506196625404,-0.180708568194818,-0.363649621349963,1.87677972213056,0.0175002367941865,0.0722068990652127,-0.104869135447323,-0.0209157669083087,-0.0347324234056616,0.163735096646219,0.0090173836336844,-0.172904937871121,-0.253699768734165,-0.326349732184361,-0.505781102499942,-0.108491520226838,-0.296596367344876,0.0435012445654323,-0.326152196063922,0.0567357306515085,0.179449560126116,-0.0280029489835226,-0.023648099076452,-0.086969425525019,0.233028086405945,0.0187702397878032,0.061025547431959,0.173492046277028,0.236476746573556,0.477463575925367,-0.0442964643644057,-0.0903685388567109,-0.00686082548190319,-0.546580399653003,0.0791496580541447,0.0899712859514087,-0.0852751074853061,0.0610144369956597,-0.136585202027549,0.0764902687840654,0.0285344781980112,0.173309727165082,0.229807306092949,0.415985514831526,0.572528218353997,-0.200834897236741,-0.151228455095374,-0.186092900331625,0.475444785699151,-0.0123616020800899,0.0826356353616402,-0.0509042716309553,0.171698962771163,0.0208277182571185,0.106106384801683,0.00709636801966754,0.152550506028046,0.259610672214749,0.387331096914407,0.482552100221992,0.128817739813763,0.0238903214666679,0.0722026162125168,0.260942198255545,0.0688183919758086,-0.0537161313180508,-0.0969090427495263,0.0755760141796642,-0.031703978698787,0.207059627647477,0.0125120405619141,-0.0268180461298647,-0.0424488432571307,-0.112168879318309,-0.222286127366922,0.147879289720895,-0.0145173548554389,0.0823103242823662,0.366647048035586,-0.0983952165297093,-0.0163035465322551,-0.0485447416285618,0.108345163822186,-0.00413013384128142,0.130496635547277,0.00247366426837402,0.217231944070466,0.444937770140969,0.607268332187092,0.916942376467218,-0.0210034958427656,-0.173513680321367,-0.180771668319058,0.109908938096862,0.12744222265082,-0.728350129288148,-0.170984864134182,0.325738121933911,-0.39366605656108,0.296313968782876,-0.0389005614992304,0.116915536711716,0.53170574502612,0.772312957215748,1.47788085550181,0.0782352427364498,-0.119539010790641,-0.172301050579416,0.341827481672384,-0.00730774231274314,-0.193196601844795,-0.193255234996901,0.0608256416998583,0.0210985273969424,0.298013224111109,-3.14972413757398e-05,0.104913928752102,0.286669396156176,0.418386825205215,0.689424422548444,0.077709257011778,-0.445950511096041,-0.732030856271165,-29597.7537438259
0.73183442883078,0.235235628492683,0.00158469859476796,-0.0991556867668598,0.0944043997204249,-0.0338059487516101,-0.0114797217724908,0.0257533933558142,-0.204890654837026,-0.29525715952694,-0.468954202124362,-0.701431779660803,0.0896076753499478,-0.180772586402487,-0.36341948680866,1.87772022497498,0.0177689316189843,0.0717927775657078,-0.1051027033509,-0.02127321451541,-0.0346150498817849,0.163779669095142,0.0089987625982811,-0.173039840469632,-0.254190576333817,-0.325507527488232,-0.506211172522414,-0.108515447910702,-0.296815184987655,0.0430449190712617,-0.325068571528349,0.0570427724898064,0.178821206656836,-0.0285869638387536,-0.0239254106544757,-0.0870255161074501,0.232644237785709,0.0187552197136018,0.0609267804274339,0.173899407446836,0.235523783113801,0.478569786000447,-0.0449670903882258,-0.0914738051502717,-0.00670015311514502,-0.545524383657097,0.0793550601321781,0.0887802674583544,-0.0851060279655593,0.0605942309236658,-0.136497186503697,0.0762398646076312,0.0285177515616406,0.172959927771851,0.229493009699866,0.415829328538895,0.57244092650055,-0.200005120278588,-0.151268283109133,-0.186224270438175,0.476432646649202,-0.0121436128891516,0.0821588426279451,-0.0510479110275249,0.171282326167871,0.0209285758223166,0.105446963701904,0.00707613592064826,0.152555643152872,0.259608382969449,0.387863095183182,0.482645441201208,0.129111110839671,0.0236073207390422,0.0719303437756308,0.261940969195892,0.0690308364085996,-0.0540799864589635,-0.0970352400149289,0.0750417759316095,-0.0316155603686279,0.206746787725113,0.0124970957120987,-0.0266732857218487,-0.0424827020552924,-0.111682547974243,-0.222347253254492,0.148135019972379,-0.0148267389378713,0.0823442228507382,0.367747500477916,-0.0981285466158921,-0.016001311622375,-0.0487978931649153,0.107903088834254,-0.00420045220217305,0.130572102467913,0.00246344755987409,0.216757399064765,0.444613780273942,0.607372085824081,0.916069974581193,-0.0213505521139102,-0.173231561624608,-0.181172629933008,0.110880390688599,0.127828090486673,-0.728162261039331,-0.171441270439626,0.325573390619971,-0.393835427426098,0.29603055502699,-0.0389222666102448,0.115952398295247,0.530488989531071,0.772303878451073,1.47683076413711,0.0786830497364911,-0.119486022586616,-0.172007038203982,0.342630249934953,-0.00709386090612597,-0.192666224877567,-0.193335584342098,0.0602621754741653,0.0208555286988096,0.297175283295866,-5.36706713710886e-05,0.105266239736823,0.287394659003219,0.420498835159438,0.689138969518986,0.0782133111954604,-0.445476113765591,-0.732064732271762,-29597.7530047181
0.732781800576416,0.235489071993416,0.00131677999680341,-0.0993223697770855,0.0940214738341852,-0.033758314430634,-0.0117904793532017,0.0257356862189337,-0.205076980440748,-0.295110817057081,-0.46831438711718,-0.701611768144554,0.0893630636037725,-0.181404559381493,-0.363852252174355,1.8786909805303,0.0180261192258303,0.071481205654129,-0.105335372611654,-0.0216548655164546,-0.0346358139167918,0.163015713035406,0.00898251935302657,-0.173706620902357,-0.254254085765281,-0.325677188798792,-0.506565835346711,-0.108179909297647,-0.296988306699351,0.0432720904016648,-0.324320870876934,0.0573390011783235,0.178470707750405,-0.0285860331522688,-0.0241430678756381,-0.0871601814073439,0.232553597651479,0.0187261174724319,0.060620196020522,0.173460202481668,0.236686751484236,0.477121973876362,-0.0440993836479125,-0.0907938161757644,-0.00687921829211991,-0.544482205383249,0.0795894899084701,0.0889808432763229,-0.0855258586035252,0.0602106408091481,-0.136439932840625,0.0758562869108118,0.028502922662267,0.172416855116488,0.229282156649636,0.416392050525253,0.57179269215512,-0.200112015731435,-0.151676717897021,-0.186234390087921,0.477433307496917,-0.0119142932210267,0.081931398044049,-0.0512730926427176,0.170881841002939,0.0208631083422047,0.105224823712281,0.00705902706985604,0.152194045020766,0.259671634203116,0.388251143613281,0.482400746613314,0.129555558463106,0.0235064578296127,0.0720506388790385,0.262956260610126,0.069181660207329,-0.0542727475988943,-0.0971538610326129,0.0745176263466562,-0.031223575419598,0.206289723522272,0.0124813004685894,-0.0275223251416418,-0.0429369823441147,-0.1116951563662,-0.22291497141376,0.148763683456324,-0.0147281623592319,0.0823919961844257,0.368789400177625,-0.0978725314865147,-0.0168576684008839,-0.0488373043420695,0.107467984640277,-0.00438818970872879,0.129791371694264,0.00245062138436818,0.216741707255034,0.444664392260073,0.607800173288072,0.916369248566765,-0.0208901909742273,-0.174326581523491,-0.181016530680226,0.111784979780946,0.128139091733402,-0.728610701430065,-0.171630215081861,0.32526573939784,-0.393913903957497,0.295586915523679,-0.0389455313259729,0.115581284957062,0.530631246707449,0.772686112058173,1.47646350194918,0.0788836944047113,-0.11973958419074,-0.172043527656037,0.343614400994198,-0.00693769518438177,-0.193522491606528,-0.193276527725848,0.0596054225514099,0.0210170487303701,0.296719942613162,-6.23517601734498e-05,0.10561128587445,0.287665670816354,0.420709462612789,0.69008278552717,0.0782056116987106,-0.446438288217761,-0.731780190876456,-29597.7514755279
0.73374132105261,0.235777421592852,0.00109194545260758,-0.0996138604630467,0.0935796308339655,-0.0338433423920025,-0.0119758508291579,0.0257158275656455,-0.205143294342288,-0.294991424621989,-0.46828913409132,-0.701964755384689,0.0892591169530114,-0.181472569945171,-0.363820231909349,1.87980579912927,0.0182639788525432,0.0709650011644189,-0.105453366779338,-0.0221684919824245,-0.0347061056371324,0.162427549990309,0.00896671509781603,-0.174040992157812,-0.254061946052812,-0.326026855152289,-0.506589386029277,-0.108075462114792,-0.297302482794878,0.0435467121998259,-0.323219096548927,0.057525564321226,0.177418709993821,-0.029066659131451,-0.0246377782667576,-0.0870460755562509,0.232121333773915,0.0187077324927913,0.0600900562916739,0.17361765366457,0.236759011434322,0.477816078695549,-0.0435612098113328,-0.0909061542109098,-0.00628488865473406,-0.543454992268614,0.0798996841214278,0.0889085638512639,-0.0857529555321701,0.0597712832579479,-0.136609492236858,0.0756180363207525,0.0284850268446847,0.172366471147219,0.229374902748026,0.416248812581173,0.571673060916212,-0.200607032857395,-0.152197547246086,-0.186336511817437,0.478568039432969,-0.0116287641523248,0.0813476245339778,-0.051525669857054,0.170463285545125,0.0207328111012866,0.105677452495114,0.00704390301681602,0.15171254073269,0.259471445089087,0.387858153966482,0.481969427061004,0.129164602255949,0.0232913175373505,0.0723629067472648,0.264217598851319,0.0694359030138032,-0.0547947028113831,-0.0974104641579718,0.0742425713918693,-0.031384015754235,0.206123477292543,0.0124619290566163,-0.0278636917572063,-0.04298462059389,-0.112033944239219,-0.223604495928058,0.148306345957052,-0.0152742964699842,0.0826497815605029,0.369579850811063,-0.097659248397204,-0.0172291413379549,-0.0492964138585288,0.107048589799578,-0.00412514885517853,0.129216252312745,0.00241513562441248,0.216742583830219,0.445427316912856,0.608690461533342,0.916544573894795,-0.0209481320873567,-0.173713505737481,-0.181199451967413,0.112836937863777,0.128223699161595,-0.730254722570319,-0.171791697424587,0.324534630759034,-0.393695641768744,0.295142630273641,-0.0389644607707493,0.116679056065968,0.532152397607131,0.77339899726025,1.4779441718202,0.0788639664449845,-0.120014512871496,-0.171775913309921,0.344877807532695,-0.00670052514325827,-0.193618487675398,-0.193798081332308,0.0591232879819689,0.0216307483900928,0.297176665927369,-7.04253728762822e-05,0.103869795940572,0.286623446561607,0.41959155895383,0.688309674971421,0.0781486837364747,-0.446443797334927,-0.732599742808587,-29597.7506322208
0.734794033618147,0.23604520684625,0.000342126895923452,-0.0999978962202168,0.0931372974843796,-0.0338140286465108,-0.0118599169160593,0.0257001890245472,-0.205448560260962,-0.294919402423618,-0.468809728582385,-0.701723979550198,0.0892667708134194,-0.181252124966855,-0.363399385317412,1.88087134472258,0.0184977879667375,0.0706929817257822,-0.105844703256528,-0.0226062648506438,-0.0346612607801599,0.162937869380234,0.00894864957900832,-0.173784559191536,-0.253946072697559,-0.325802118353367,-0.506798235956439,-0.108578588576846,-0.297131983469409,0.0435216372107947,-0.322062643080841,0.0577525201921351,0.178103861205104,-0.0290021225513038,-0.0251970316533347,-0.0870238714336906,0.232413008999397,0.018693299530355,0.060689499027057,0.173972498713962,0.236162621340456,0.47706874772718,-0.0448617803063933,-0.0909969566681035,-0.00658492932434764,-0.542464398259053,0.0801899239469485,0.0875011922095977,-0.086162604638655,0.0593488952022384,-0.136579160400254,0.0756124552980142,0.0284662705629751,0.172242284226969,0.229738767796881,0.416105055830538,0.571856115087318,-0.200520668030664,-0.151675629962614,-0.186156217627948,0.47961428355916,-0.0113480010087169,0.0809739988459262,-0.0519080961000114,0.170050822402388,0.0208053075597369,0.105156955426258,0.00702628070584398,0.151576482777202,0.259570942622861,0.387642634429281,0.481953289440156,0.128912005729026,0.0232619615234453,0.0721789761428298,0.265417041782691,0.0696973051531921,-0.0551576865358834,-0.0977548229879921,0.0739301976118301,-0.0316216221478701,0.20639144455931,0.012443941655876,-0.0278585116249571,-0.0428634965050534,-0.112161707454543,-0.223229708337256,0.147959197403566,-0.0151928153211439,0.0821935238484901,0.370669447607224,-0.097416301083799,-0.0178335586653405,-0.049594443395381,0.106619019436121,-0.00420380410269858,0.129551531017408,0.00239707361469324,0.2172542671654,0.445497164352104,0.607869455204735,0.916925800299349,-0.0209425747918616,-0.173946497099678,-0.180120147518002,0.113956630581275,0.128368131000131,-0.729100320326008,-0.172050689151239,0.32389029386715,-0.393653437916294,0.295418297825248,-0.0389792550153144,0.116975427148653,0.53243492041228,0.773840563109914,1.47775943558027,0.0786154412929481,-0.119828100099071,-0.171863184343694,0.346043927475952,-0.00641794557043795,-0.194271279761523,-0.193814193437612,0.0587722680376821,0.0217038501978378,0.297176117580921,-8.84426995376786e-05,0.103801008154688,0.286066956514675,0.418158763329147,0.68762523625992,0.0777397693511671,-0.446564769905161,-0.731733559107185,-29597.7494707976
0.735879049692018,0.236287326868313,-3.58139928502724e-05,-0.100209360725785,0.09270129883174,-0.0337079084328561,-0.0115882552183625,0.0256844866936665,-0.205024129743659,-0.295082361533112,-0.469447658561598,-0.701918009424322,0.0886659153946494,-0.181147529175831,-0.363440505298777,1.88191895202034,0.0187623280538393,0.0701839936197069,-0.10628477950087,-0.0229499362205667,-0.0345965287427077,0.163404766145001,0.00893024655609591,-0.173540396090236,-0.254001706509512,-0.326491796941039,-0.506403907682946,-0.108927730888954,-0.296759031019957,0.0434090010033961,-0.320890194279262,0.0580178836297599,0.17682979716465,-0.0296068899776736,-0.025507624173678,-0.0869187124791016,0.232768406679211,0.0186788225208226,0.0602795844509495,0.173596500239869,0.235670679931631,0.477260872691832,-0.044739963842718,-0.0908688972511565,-0.00683723563469376,-0.541458518479986,0.0804249067271123,0.0878857057829248,-0.0865386235005435,0.0588466803872638,-0.136445115634631,0.0761755973027076,0.0284485695900917,0.172652908928005,0.229436826765224,0.415353114678168,0.571880042633943,-0.200610614619188,-0.151358457801199,-0.185729962484363,0.4805798481118,-0.0111024209699997,0.0805685925535914,-0.0522469515229737,0.169599610170657,0.0209222030950646,0.105389615333755,0.00700654350529563,0.152150729174158,0.259658614422727,0.387090707690215,0.48211181581479,0.128876881038859,0.0236319640137852,0.0721847260526274,0.266377090921009,0.0699012253005685,-0.0557447721679705,-0.0981643575505796,0.0733989242879937,-0.0314287637133973,0.206903130099503,0.0124272114628771,-0.0273853686528098,-0.0426156325398349,-0.112633230185456,-0.222912535976511,0.147940458258744,-0.0146619756620254,0.0826469149806403,0.372045030980692,-0.0971189112088935,-0.0181177211676545,-0.0497124761858191,0.106172081326473,-0.00451739601683305,0.130600323067904,0.0023974070825091,0.216750155058553,0.445117060877562,0.607227734919485,0.916335952077872,-0.0216073472069863,-0.17384731217879,-0.181271074396399,0.115149536825624,0.128665701596665,-0.729362372061184,-0.172244100357716,0.323522044324145,-0.393699983395037,0.295632567406953,-0.0389882337684086,0.116249114387471,0.531489696766707,0.77247921159682,1.47722274963839,0.0781171357717788,-0.119557718208182,-0.171982772069423,0.34709379793723,-0.0061527534818617,-0.194764041932352,-0.194275854393098,0.0584508489883044,0.0210823714757417,0.296837750511601,-0.000112538252713654,0.104653231667613,0.28689259498202,0.419159749556855,0.68905338771567,0.0774968556665009,-0.446414560434551,-0.731569181654048,-29597.7482963833
0.736935933335154,0.236495570051285,-0.000366422803539939,-0.100687777426019,0.0923004948347448,-0.0337111177451898,-0.0108861147885052,0.0256671146600779,-0.204976672762353,-0.295238679155697,-0.469330767585415,-0.701548600542866,0.0887754074682567,-0.18103982983572,-0.364139756194064,1.88293525223101,0.0190242759263665,0.0695227383889929,-0.106463001078093,-0.0233607724852952,-0.0346510319663317,0.163469250916979,0.00891408401169256,-0.173603906760035,-0.254378455146582,-0.327031779355838,-0.506704984358205,-0.108749952012725,-0.296871832341472,0.0432246905304342,-0.319940916785756,0.058288868848153,0.176938695180296,-0.0298166963910061,-0.0258746836234174,-0.0871409482009726,0.232906997916803,0.0186583314139765,0.0607067673610194,0.173022251257692,0.234934784798682,0.477270182094969,-0.0448606219702788,-0.0906592614890343,-0.00625836796652582,-0.540322205257964,0.0806463128015574,0.0868982043331501,-0.0866363434901455,0.0584149204569011,-0.136417190188699,0.0764606000795095,0.0284353749358829,0.172550686870813,0.229236530362634,0.415293748922346,0.571798997106376,-0.201064810622681,-0.151569247030981,-0.186526493456334,0.481602249762642,-0.0108707942615125,0.0799222484331898,-0.052504803775732,0.169137149806735,0.0208825386313623,0.106279700466047,0.0069911370525746,0.152264258653229,0.259410078428732,0.386934526847111,0.482332348346195,0.128646146193219,0.0237757278775465,0.0721297568172446,0.267208028116483,0.0701607414923976,-0.0559098566414758,-0.0982574019887563,0.0728252521238241,-0.0311576526568341,0.206267928919062,0.0124101523803712,-0.0272629174742179,-0.0431999199652833,-0.11278234032796,-0.223115418230922,0.147909930065529,-0.0146198015977388,0.0824106628721788,0.373017232633774,-0.0968788884035062,-0.0182244790300346,-0.0502578197766952,0.105779251694492,-0.00417542492011053,0.129701517638527,0.00237944938453828,0.216567530717151,0.444215175935897,0.606593439732638,0.916147810609014,-0.0219083563981506,-0.174042203975513,-0.180830320814602,0.116222710958564,0.129035936353658,-0.731496392057666,-0.172681378160629,0.323339103686892,-0.393732567163818,0.296347382316679,-0.0390028857173861,0.115632671724992,0.530692665804045,0.771309572157528,1.47704070325356,0.0780463655301665,-0.11966172702529,-0.172292239235515,0.348005200023398,-0.00593570567760563,-0.195018705886312,-0.194743825378374,0.0580187966939698,0.0208284132981322,0.297946743035767,-0.000136479099827982,0.10575497417255,0.28794254941871,0.419757042325932,0.689913901228565,0.0774993005660508,-0.445807098973536,-0.732936427941103,-29597.7475126866
0.737969407188692,0.236714192013614,-0.000689281011615729,-0.10076104725864,0.0919225127473046,-0.033802498217667,-0.0114665476929582,0.0256487384102226,-0.205059197059717,-0.295549802876557,-0.469332753512407,-0.701638800128543,0.0890518845898623,-0.181265558063816,-0.363956511852107,1.88391653276052,0.0192608458021667,0.069437721304334,-0.106716262791312,-0.0238178760653487,-0.0346290289764774,0.163547904011401,0.0088991233750911,-0.173852908569132,-0.254850879736219,-0.326482319079926,-0.506675481287437,-0.108665871643913,-0.297162860507128,0.0429658259226709,-0.31904068083849,0.0585542101665109,0.176073742176034,-0.0301087021369794,-0.0262779894036622,-0.0871709738583928,0.233158499380074,0.0186405377043947,0.0604389277490867,0.17331181620459,0.235862133019391,0.477700364904635,-0.0445304860630782,-0.0907353075220829,-0.00737305130858509,-0.539215128587225,0.0808665978458743,0.0866750067211443,-0.0869265493777418,0.0580763272125636,-0.136470219369809,0.0763083338286718,0.028419207768422,0.172341615723314,0.228788184569716,0.415333640228451,0.571853339041487,-0.200818620315273,-0.151941333654862,-0.186962607243665,0.482672928956991,-0.0106338425554075,0.0798096692015672,-0.0527256963816926,0.168721551664306,0.0208329296859,0.105863342849984,0.0069771687459968,0.151904032159108,0.259008100576818,0.387297573462381,0.482279779047397,0.128791645034178,0.023403648627295,0.071748884710741,0.268153890858019,0.0704853361631915,-0.0564845396149313,-0.0986563309756819,0.0724233427652208,-0.0312815916852684,0.206988721995371,0.012398465064422,-0.027659352921838,-0.0434088654649219,-0.112771945680222,-0.223033879605889,0.148034996580161,-0.0149402077206988,0.0818911925089016,0.37375746265262,-0.0966587828682737,-0.0193139927768234,-0.0504099283543391,0.10538762765923,-0.00385065972317164,0.130514673271864,0.00235044592209099,0.21676790629017,0.444348573008243,0.606760813085772,0.916177928287987,-0.0211415169320091,-0.173544792313519,-0.181511622059342,0.117053631760516,0.129360698820376,-0.730764087573539,-0.173203265831772,0.323071642832851,-0.39380178996629,0.296015681319356,-0.0390309366693629,0.115814142196397,0.530424649001885,0.771902822435975,1.47649595715915,0.0783982091073687,-0.11991707528502,-0.172240698770368,0.348924064098308,-0.00570868533948682,-0.195653637075515,-0.194918085606703,0.0575365953996586,0.0212932971991942,0.29751597740666,-0.000152108040534159,0.105175133346778,0.286772589291804,0.419507909396502,0.689630952321004,0.0777012508804061,-0.446212982264675,-0.732019510558823,-29597.7463779637
0.739083929909753,0.236983956180954,-0.00144379446671589,-0.100942124216747,0.0915028119667948,-0.033727823416778,-0.0114070010395922,0.0256309019101933,-0.205620440144137,-0.295727358361912,-0.468903589362616,-0.701901089487529,0.0891558215048944,-0.18152089564286,-0.364186460577232,1.88496162228419,0.0195144840049966,0.0688845706748564,-0.10701000865178,-0.0242747620026547,-0.0345659528928011,0.163358566374733,0.00887934499688545,-0.173982948058837,-0.254512213726121,-0.32624371529731,-0.506405696296281,-0.108444952470879,-0.297157170264453,0.0428462018372664,-0.317952922064314,0.0588049718304731,0.175869190495199,-0.0304202307488405,-0.0268450912609043,-0.0869389926148536,0.232720631921218,0.0186253183177803,0.0603605821729084,0.173078876673499,0.236239647273903,0.477395723906594,-0.0442393302215628,-0.0915228171918242,-0.00697043011037996,-0.538183956953663,0.08111166587895,0.0866854495066842,-0.0873094354039202,0.0577120622932166,-0.136472092694351,0.0762353284313341,0.0283949903239007,0.172036220318229,0.228754627513067,0.415642999980513,0.571615178820225,-0.200246601164173,-0.151749606326472,-0.186398193576112,0.48378381652457,-0.0103667696521538,0.0792514365533491,-0.0529912448357225,0.168330060174323,0.0209206247481482,0.105561701092198,0.00695649991942687,0.151572081977069,0.258973031108377,0.387435821701115,0.482005875806785,0.129232107554171,0.0231335150565311,0.0715623874935053,0.269200970782661,0.0708181503241975,-0.0570545028066377,-0.098917490185053,0.0721098806553688,-0.0314993299473065,0.207014698922579,0.0123768461284754,-0.0279554349560551,-0.0434866574541553,-0.112289151819211,-0.223242568609304,0.148245308668113,-0.0152842492275373,0.0820598215245452,0.375012426821732,-0.0963788188186061,-0.0191109769129892,-0.0505743519001532,0.104872987925138,-0.00441917594713851,0.130311711738926,0.00233853828628207,0.216619067065769,0.444562454690349,0.60804973675368,0.916558911194777,-0.0210674664973869,-0.174413599631996,-0.181140085650915,0.118048030515129,0.129594233867765,-0.731381473616613,-0.17326705473733,0.322543264758309,-0.393675041167608,0.295731111729037,-0.0390545856311551,0.115919350115048,0.530672107824813,0.772585172454352,1.47706072450632,0.0787575191976514,-0.119940919648909,-0.172516751914609,0.350117425010009,-0.00539489025056645,-0.195949936891425,-0.19487839786207,0.0570461102082318,0.0216373963448708,0.297234310607432,-0.000161217489439218,0.103595298517806,0.285895790691285,0.418774079588944,0.688004041955094,0.0781610715429689,-0.446732637596368,-0.732479107554432,-29597.745377203
0.740104667733609,0.237264785979182,-0.00146923812586616,-0.101390881811199,0.0910340118205553,-0.0336491942075622,-0.0115899588772742,0.0256147146996433,-0.20575953243473,-0.29554198660743,-0.468999707840261,-0.70235999101513,0.089122137357096,-0.181808523855229,-0.363857412397206,1.8860364554136,0.0197718666189123,0.0682570911912466,-0.107185097651985,-0.0246547630799467,-0.0345797899351319,0.163108932754021,0.00886013211047559,-0.174196928827614,-0.254508113705283,-0.326016280539213,-0.507123035294086,-0.108371881438854,-0.297423495266145,0.0433234046828439,-0.316864785791783,0.0590502766557865,0.175118357023307,-0.0303507108726538,-0.02733170490069,-0.0867994759539388,0.232479507889129,0.0186085903936389,0.0595825298334021,0.173186599509773,0.235658727047326,0.476713859989472,-0.0446487555541071,-0.0910555047180193,-0.00685881091991325,-0.537157807870616,0.0813794343235427,0.0854009395681881,-0.0873240119612654,0.0572332712562113,-0.136481628779452,0.0759277383633878,0.0283770834983014,0.172030260542365,0.229114297542045,0.416118457880286,0.571603881132118,-0.200446398432574,-0.152113833916741,-0.186130737366435,0.484821558430375,-0.0101052133846301,0.0786506404508703,-0.0532336258907007,0.167938836427736,0.0209736702238882,0.105670800294356,0.0069348580591278,0.151418197811802,0.259121625805639,0.387412191389245,0.481600955951865,0.12911524145208,0.0230494297871483,0.0720521869080211,0.270339505985866,0.070998882938751,-0.0575650622917029,-0.0992319224557713,0.0717292363912155,-0.0313800753836133,0.206219383190068,0.012354992831326,-0.0280466261819403,-0.0430896891273576,-0.11219782498671,-0.223412503539017,0.148206988599401,-0.0152370540954024,0.0822021144156765,0.376191876852552,-0.0960898810554352,-0.0201404123661,-0.0509236164760427,0.1044938066636,-0.00458774409717434,0.129428337778731,0.00232663173530523,0.216223922281794,0.445020061479173,0.607760348129338,0.916451020345095,-0.0213605962669511,-0.17432405324447,-0.181644070670568,0.11922256085279,0.129697060654789,-0.731934258610142,-0.173424144624515,0.321840979822634,-0.393679080969463,0.295870537336781,-0.0390640355565208,0.116108813801059,0.531548257710465,0.773075320461997,1.47729736396206,0.0785379341254397,-0.120083871151404,-0.171989416539783,0.351313067925002,-0.0050979685083776,-0.196432862918473,-0.195549248020827,0.0566736172923958,0.021314005730928,0.297207248482271,-0.000173265515765574,0.103843783942161,0.285750498396131,0.418968578132638,0.688064721474061,0.0775751242709921,-0.446749959385894,-0.732352610675101,-29597.7445123777
0.74105483548573,0.237537221687136,-0.00243445198739847,-0.101627692276722,0.0905861760623497,-0.0337121155258921,-0.0118205214308843,0.0255973361149749,-0.205654873323968,-0.295252459689885,-0.469321858647897,-0.702416472843926,0.0887069390181719,-0.181502532805472,-0.363627681623054,1.88713670611301,0.0200189288158206,0.0678330847588802,-0.107598039220755,-0.0250521258166569,-0.0345974608907744,0.162823924211026,0.0088449491745557,-0.174374580036908,-0.254429837749177,-0.326511000491677,-0.507379085724732,-0.108923127586548,-0.297457225715336,0.0433667024715607,-0.315737371011996,0.0593056071379069,0.17492778882778,-0.0310999673616751,-0.0276527388408884,-0.0868968923946603,0.232389189291199,0.0185903270595569,0.059701191424162,0.17307338968259,0.235598673304317,0.476543497940078,-0.0446472445115897,-0.0911797554369767,-0.00675569505143586,-0.536105358065608,0.0816523435415219,0.0851908454458239,-0.0878703645279113,0.0567372018693414,-0.136457588900626,0.075713641569008,0.0283637634794256,0.172009266263659,0.229484740107794,0.415628394181424,0.571333365205959,-0.200991386107096,-0.152094772195521,-0.186426558928897,0.485881485067699,-0.00985875659429496,0.0781180078229586,-0.0536122793604519,0.167497565561039,0.0208885288030467,0.10526082273472,0.00691956975940716,0.151372756639202,0.259301385662277,0.387211192071926,0.481485611265697,0.128594957399299,0.0232153430454145,0.0722235551590748,0.271614404477116,0.0711302735716093,-0.0579347038295079,-0.0994216779671575,0.0712373335484159,-0.0313120112640767,0.206271492689185,0.0123408011301702,-0.0280680972374376,-0.0430458173722899,-0.112562524961683,-0.223770289794755,0.147811056675193,-0.0152373961595764,0.0825295668361524,0.377031469552586,-0.0958550936302176,-0.0205154829759232,-0.0512286505261341,0.104106340474417,-0.00407245882766492,0.129837631836465,0.00229957233429102,0.21625748958542,0.444558953072808,0.606978101684825,0.915476285913745,-0.021616889403078,-0.174227381211398,-0.180689162605959,0.120403676782939,0.129890848067146,-0.732411930309278,-0.173621565834706,0.32134281270856,-0.393699117314677,0.2952767526033,-0.0390750313504441,0.115938702314822,0.531782285984293,0.773007329260742,1.4770290031012,0.0780541833191237,-0.12016208653458,-0.172029526550878,0.352257248138723,-0.00484886926159911,-0.197136394982353,-0.195708940373384,0.0562844252523892,0.0210066567410587,0.296843528900165,-0.000198782622923315,0.104175977020399,0.287255111860899,0.419176616508551,0.688500069634423,0.0774603159207668,-0.44693141819294,-0.732050418200282,-29597.743398571
0.742087774745133,0.237779669095759,-0.00272072306073827,-0.101965136340404,0.0902105942287202,-0.0337662643986184,-0.0119786055644473,0.0255796878215908,-0.20550050270526,-0.295371084349154,-0.469482480701749,-0.702186756826421,0.088546975753425,-0.181387528897129,-0.363780131232651,1.88814320231305,0.0202561105430879,0.0674497698299907,-0.10787881660737,-0.02551170332091,-0.0346028546074625,0.163100930479067,0.00882967133797318,-0.174000713958787,-0.254385994751588,-0.327258091094406,-0.507015987918298,-0.109256730847647,-0.297047217603593,0.0431393591636322,-0.314682329136566,0.0595511530872572,0.173909298650779,-0.0308943964222103,-0.0280059297260377,-0.0872250196414067,0.232546097454078,0.0185699937808712,0.0605497432462198,0.173626151781402,0.235228317261305,0.476949213508586,-0.0453993898189559,-0.0913103802431516,-0.0064917831917981,-0.535084545319829,0.0819283699292045,0.08522169566859,-0.0881812798450651,0.0563405808457734,-0.136401668792021,0.0757423268280448,0.0283476569463786,0.171946668685244,0.228669446232936,0.41466351187816,0.570943396048706,-0.201145226585869,-0.151715311238369,-0.186160831753265,0.486945559702275,-0.00961453706272918,0.0778738614251577,-0.0539072129351953,0.167025711234758,0.0208366654935084,0.105214588685005,0.00690712059841871,0.151658854486538,0.259318323900781,0.386765589310812,0.481636646944488,0.128439794746717,0.0232463583864588,0.0719232401951174,0.272734164012418,0.0713771585546634,-0.0582843389161212,-0.0996989233068829,0.0708543709835828,-0.0313101628030636,0.20651957108645,0.0123262000015677,-0.0281028227943189,-0.0433725786982661,-0.113269639154019,-0.223781761536443,0.147483690322243,-0.0151021370569345,0.082143719631083,0.37808842628015,-0.095651139224347,-0.0208220534943803,-0.0516184334283727,0.10362201439364,-0.00394713347803492,0.130049416375331,0.00228577627738069,0.216156747336863,0.444522607105337,0.606726056709518,0.915716555093114,-0.0216284404496323,-0.173931350761803,-0.181130506274281,0.121404342842771,0.130269792467918,-0.7323147298199,-0.174114771926206,0.321171982153312,-0.393634889720049,0.295406648231153,-0.0390964756794892,0.115596875205712,0.530742887236364,0.77151732986246,1.47627633039395,0.0779775441844648,-0.119957493338869,-0.172236500948333,0.353105068081107,-0.00466221414637173,-0.197541675213127,-0.195938983924721,0.0558560097321193,0.021431320615702,0.297011327588424,-0.000226963004421587,0.104767472453808,0.286462263658436,0.419151185022839,0.68869397086956,0.0772260987673487,-0.445938068469871,-0.732076879209393,-29597.7426849456
0.743258838889139,0.238021582647806,-0.00293419671511912,-0.102186293028239,0.0897831429361378,-0.0337395300155682,-0.0114488825830318,0.0255606619844639,-0.205313783967045,-0.295793540072823,-0.470041285820644,-0.702060253330708,0.0884685417914334,-0.181251894579759,-0.364252296036648,1.88918783663884,0.0205326011802937,0.0670971343170614,-0.108091808533572,-0.0259864011031132,-0.0345880396911013,0.163234558929055,0.00880952205043864,-0.173902174194466,-0.254878596000641,-0.327089116111362,-0.506832514582346,-0.109039440062828,-0.296963024012776,0.0428900609899282,-0.313534511460199,0.0597938419766085,0.174438939969821,-0.0317635660066163,-0.0284417792592456,-0.0871447281778822,0.232604143890979,0.0185513715366961,0.060297285324617,0.173101889734583,0.23536221237388,0.477370637331482,-0.0449789665857743,-0.0907428904221703,-0.00735046819340491,-0.533976057865352,0.0822016765644206,0.0842205948176916,-0.0882683892635175,0.0559262620569364,-0.136388730596761,0.0762169273285744,0.0283277890871805,0.171974312343644,0.228412019759856,0.414505384542416,0.57125787697568,-0.201144074051244,-0.151663148254419,-0.186652952998713,0.488021911728576,-0.0093374281904904,0.0775188630966696,-0.0541032144164722,0.166557544128964,0.0209019963793307,0.105755442042773,0.00688825990704518,0.151724466243123,0.258750969390336,0.386423817761722,0.48188870073611,0.128389958991393,0.0234024986406109,0.0715524492136405,0.273691955620839,0.0717137384943587,-0.0586843571772021,-0.10001435917257,0.0704343225825825,-0.0313466215783619,0.206458757414138,0.0123057540664578,-0.0278420252581081,-0.043758666339336,-0.113462887057359,-0.223522975154919,0.147468685341232,-0.0150107278445965,0.0818240253148862,0.379346270064066,-0.0953760763153592,-0.0210641521150295,-0.0516557914324677,0.103115441090426,-0.00432683255844524,0.129652394957545,0.0022727535251317,0.216744636596885,0.444276980429215,0.606520175694489,0.916297357157068,-0.0219932465863889,-0.174050465036035,-0.181464146459728,0.122426267204318,0.130658331160454,-0.733504628491223,-0.174521273615659,0.32090943039306,-0.393618618567027,0.295968655874182,-0.0391200564450956,0.115353453591859,0.529798736305906,0.77062962352416,1.47627233683347,0.0779070442123687,-0.119701245230792,-0.172518458294405,0.35435336834335,-0.00443778127911877,-0.197695795066657,-0.196353653443743,0.0553475314079546,0.0216861057369995,0.297592126551554,-0.000239943209544981,0.104436616597898,0.286326615916701,0.418047248400904,0.68853263568106,0.0773963981830562,-0.446220704892632,-0.732367046390266,-29597.7416498608
0.744408161528163,0.238243567410234,-0.00337881611936438,-0.102465083060314,0.0893342193058673,-0.0336722517853659,-0.0111646423791235,0.0255435505966658,-0.205597382666678,-0.296281743791144,-0.469955163021585,-0.702001929764291,0.0887725927488702,-0.181436959886831,-0.364493655503439,1.89027004296803,0.0208122271261998,0.0668231231668821,-0.108430522396007,-0.0263793137753692,-0.0345582094063045,0.163504437514283,0.00879038130163149,-0.174195796860115,-0.255217575610558,-0.327061105734772,-0.506891554304729,-0.108765899717264,-0.297354702848394,0.0425946583792804,-0.312496224444912,0.0600541899076661,0.173356122406015,-0.0315324714019904,-0.0289731609942989,-0.0868121276749943,0.233203977918046,0.0185350349742847,0.0599490163814234,0.171962610149322,0.23465006732173,0.477024610738345,-0.0446603675954718,-0.091149654344367,-0.00743976246258872,-0.532849229018938,0.0824212078258554,0.0843660974309263,-0.0888193883677971,0.0554979723229444,-0.136505332295231,0.0763471247637383,0.0283083880620544,0.172180629416394,0.228608500908328,0.415095106023909,0.571930004948556,-0.200905342356588,-0.152064127350789,-0.187291954243266,0.489036084344267,-0.0090659587951746,0.0770635666084439,-0.054447441036393,0.166168650855911,0.0210040298653917,0.105951311691661,0.00686546099572315,0.15153330147894,0.258389430443786,0.386535885876581,0.481857156130876,0.128642045763274,0.0233133030155567,0.0714151123245175,0.274503723569005,0.0720360528050081,-0.0590538099237747,-0.100328927838206,0.0698953583140361,-0.0313783507009469,0.206904945986025,0.0122863818438901,-0.0277876045701156,-0.043788117563067,-0.113017095988032,-0.223119798206057,0.147942088209634,-0.0150081161593646,0.0817147354081488,0.380300325527418,-0.0950776599175944,-0.0215245766298503,-0.0521878748781336,0.102831977708698,-0.00426168141876989,0.130498285525932,0.00224585782348527,0.216467244795312,0.444064582057496,0.606686518548567,0.916231110270132,-0.0215295401273481,-0.174055222782957,-0.181748548108414,0.123505565247097,0.130881496272484,-0.733846198256954,-0.174735463500512,0.320374081407703,-0.393742038500573,0.295944762851251,-0.0391405329065219,0.115678394781938,0.530338719201744,0.771799554540209,1.47658224665469,0.0780896456709915,-0.120071881080119,-0.172720347186883,0.355772506265788,-0.004150593749323,-0.198146678281821,-0.196323044190551,0.0548442441463615,0.0211746786420561,0.297299907158724,-0.000242261182147065,0.103925873987483,0.285830143744964,0.418282129529302,0.688447260235548,0.0774304509147388,-0.447022018986658,-0.733049788747342,-29597.7407696978
0.745448832536376,0.238495889681803,-0.00395635044436219,-0.102680257141448,0.088903646863021,-0.0336378631817771,-0.0111244203170979,0.0255258555508705,-0.206026431698453,-0.296139400458566,-0.469532106585479,-0.702355291745574,0.0890034149815181,-0.181938627669443,-0.364363885349432,1.89137731877188,0.0210622845263067,0.0660313540217868,-0.108748027568243,-0.0267726054354804,-0.0345603994505587,0.163606671942461,0.00877417406137755,-0.174490298625929,-0.255262217219794,-0.327120441344642,-0.507102918727472,-0.108797158776048,-0.297549148773618,0.0426483287389192,-0.3114575179451,0.060331415130375,0.173386964846882,-0.032296904535207,-0.029392291186963,-0.0868015894083164,0.232775543379093,0.0185191963495651,0.0594326434357106,0.172774374146315,0.23525920760579,0.476398491220249,-0.0447298724970729,-0.0915105186049963,-0.00717037199654796,-0.531755657058808,0.0826337965463928,0.0834083351031,-0.0888116409421891,0.0550511072229443,-0.136473845778481,0.0764768150451432,0.0282899192569831,0.171856169339886,0.228536375220732,0.415371288239284,0.571426225562499,-0.200692127368411,-0.152172047073589,-0.186701271780314,0.490131934690444,-0.00881443091638741,0.0764265363586252,-0.0547544317702625,0.165763115654595,0.0209343271997969,0.105874895559832,0.00684810983650169,0.151145389634792,0.258554286763752,0.386881752162916,0.481620599297803,0.129065328246902,0.0229211315648418,0.0715458784740825,0.275530551497527,0.0723106897731841,-0.0598231775711702,-0.100682695310058,0.0694283945443902,-0.0312807713832982,0.207091711988411,0.0122719676920517,-0.0282877016982719,-0.0438160410306554,-0.11287838502805,-0.223410610269826,0.148159273152882,-0.0154820265381124,0.0818642590927038,0.381297965870039,-0.0948176358181954,-0.0224706571971112,-0.0523669588424693,0.102422343942527,-0.00406198696408351,0.13051588720465,0.00222629643581345,0.215968068381115,0.443686811452286,0.606851750210239,0.91586075451055,-0.0212415479316311,-0.174477931725424,-0.181488852746522,0.124641916912772,0.13098719317678,-0.733699809952831,-0.174914508196453,0.319706028788992,-0.393806524116834,0.296212621858902,-0.0391535613041531,0.11583213955183,0.530840881058383,0.772685438081563,1.47747313895514,0.0784964200582179,-0.120388213272002,-0.172623512953032,0.356681115077286,-0.00384232814290734,-0.198457503409298,-0.196946259366011,0.0545567705711691,0.0210639564861839,0.297455553084486,-0.000268338225675094,0.103988579492678,0.285562667156304,0.418914213861854,0.688666844745422,0.0774513642323387,-0.446608679345413,-0.732972681931841,-29597.7399616066
0.746452725769867,0.238764388408019,-0.00455706127975884,-0.103138258416824,0.088523696789199,-0.0336696324064329,-0.0114716057131804,0.0255090061249479,-0.206149491385474,-0.295786589207926,-0.469435585191462,-0.702554354467884,0.0887824940723933,-0.181948023199566,-0.363964047390822,1.89241649319668,0.0212793568345424,0.0654809308460804,-0.108998380022197,-0.0272053229828351,-0.0345319830468025,0.163485483566002,0.00875729878659805,-0.174786319186361,-0.254939373040693,-0.326593338797573,-0.507466114900317,-0.108773800646476,-0.297730726984829,0.0430534085441629,-0.310462887357852,0.0606179495024359,0.172266710322923,-0.0323033296747323,-0.0298041723861141,-0.0870541126927907,0.232956882981155,0.0185011679771315,0.059531884406445,0.172801323944945,0.235656422249172,0.476851215042805,-0.0447013773859688,-0.091627423119135,-0.00712864374151715,-0.530672208034541,0.0828748486451647,0.0829795560404521,-0.0892089483649426,0.054649978264381,-0.136309360125973,0.0761676522205807,0.0282739376321938,0.171296290637875,0.228378994591622,0.415135105646997,0.570859722488188,-0.200657913994829,-0.152292882180835,-0.186316428398713,0.49124611459867,-0.00857811430437864,0.0758667227593226,-0.0550610273832605,0.165344569314699,0.0208887455594213,0.105796990075483,0.00683358321197853,0.150939967605517,0.258757582359893,0.387010650707643,0.481378239163854,0.128732078592157,0.0227467146354566,0.0718123436636687,0.27668246896502,0.0725468248694758,-0.0603134375075045,-0.100940463717817,0.06907781843362,-0.0311986236684994,0.206674287687015,0.0122556807447531,-0.0287968250496481,-0.0438186636674091,-0.11301170152938,-0.224238332730966,0.147769275704403,-0.0156569589171569,0.0820708430149547,0.382489279221952,-0.0945914540754637,-0.0226048560645754,-0.0526922863627277,0.101889248749084,-0.00415277452289595,0.130021716331069,0.00221976265636062,0.215517527255003,0.444176486706497,0.606843174149138,0.915372791556212,-0.02151253467364,-0.174654143470272,-0.181275996739198,0.125747539408305,0.131173958553162,-0.734736565498551,-0.175136559019288,0.319203204135983,-0.393628321666102,0.295866817808253,-0.0391657363843673,0.115760480314619,0.5311979937632,0.772599166510155,1.47707348941289,0.0782999978555728,-0.120346570121848,-0.172290902466821,0.357373541978888,-0.00356275266021871,-0.199676272984043,-0.197243198192659,0.0542468163211156,0.021396613753539,0.297655122562891,-0.000299615575838297,0.103755638415088,0.28657390655415,0.418963514072063,0.688117084405478,0.0778856758808781,-0.447133409213339,-0.73188574271823,-29597.7390816171
0.747389993204017,0.239026583564703,-0.0050688647415017,-0.103297488878415,0.0881140319400605,-0.0337258595334019,-0.0116100139852338,0.0254917941852708,-0.206025710479529,-0.29573681802963,-0.469791478857109,-0.702761424229728,0.0883903113885324,-0.18164732464425,-0.363868989141702,1.89337802856278,0.0215047284158011,0.0652316195104716,-0.109272715241217,-0.027634079161611,-0.0345316194345453,0.162895726532694,0.00874051633996657,-0.174635434272938,-0.254561148838174,-0.326960298967322,-0.507530225320982,-0.109186955478268,-0.297531843719177,0.0432120839937757,-0.309415188793763,0.0608246938604601,0.171984673459422,-0.0326605817084537,-0.0301894919485788,-0.0869981621152598,0.23261211888763,0.0184836440455113,0.0595847452012892,0.173012297516511,0.235028151692215,0.476393932698185,-0.0451853210392293,-0.0913038002308424,-0.00667059782522984,-0.529664295050895,0.0831617276890085,0.0825327058781664,-0.0897031533755887,0.0542949593900848,-0.136350961274245,0.0759518901482942,0.0282591261884184,0.171321721874937,0.228968898455987,0.41477395289817,0.570715473942295,-0.201466037374417,-0.152372159021319,-0.18677836905864,0.4922445549697,-0.00835523084809266,0.0754877121910203,-0.0552504769612289,0.164923207915694,0.0209862922237623,0.105513005794871,0.00681650263245831,0.151012187442841,0.258971094325553,0.386599688654298,0.481042334475967,0.128148276098737,0.0229089674427796,0.0718889610050377,0.277901209626596,0.0726828247146121,-0.0607059453554799,-0.101165021651755,0.0687756045030142,-0.0313669198055547,0.206578375270907,0.0122355328464225,-0.0284813795415374,-0.0435238364921108,-0.11319059482153,-0.224160096043535,0.147453355677151,-0.0153890002647811,0.0822595931931045,0.383502334072198,-0.0943643565242585,-0.0232649143464997,-0.0528627631407467,0.101455694595799,-0.0042302886407184,0.129989675222371,0.0022034372673123,0.215982987919045,0.444258880680642,0.606706992781808,0.915543472058654,-0.0221815120038318,-0.174419442014984,-0.181279746504769,0.126691630255111,0.131580956008088,-0.735222667840884,-0.175470268430247,0.31905924273542,-0.393408720936359,0.295508671744012,-0.0391870737187318,0.114714713816583,0.530404357172624,0.771308361407906,1.47521616536479,0.0776141300033672,-0.120347005754897,-0.172298807825477,0.358531390718728,-0.00336621612112766,-0.199834797330754,-0.197472508979376,0.0536617643527633,0.0214601626450246,0.29698289587685,-0.000303395907824723,0.103786598879365,0.286141234916493,0.418537996253502,0.687990634664504,0.076780423839684,-0.446480438877634,-0.732625754313855,-29597.7383237575
0.74850029689377,0.239297977766502,-0.00532214052646259,-0.103620551815379,0.0876345206706898,-0.0336819409811863,-0.0119572788717221,0.0254743164449396,-0.20591689399199,-0.295807966400519,-0.470198260517154,-0.702806173111672,0.088001311600219,-0.181523067286325,-0.364110682293751,1.89448681100564,0.0217983243184672,0.064701313073377,-0.109507439238429,-0.0280596655572618,-0.0345695588237017,0.162830961457421,0.00872208392973836,-0.174344612231925,-0.254976889676897,-0.327604355652516,-0.507631992312415,-0.109646090208893,-0.297170584401824,0.0429004059692443,-0.308240131699979,0.0610678322552773,0.171680030857387,-0.0328578902121386,-0.0306464877810392,-0.0868565899976116,0.232192229744421,0.0184647006838928,0.0596356141234978,0.172725596861375,0.234728529325621,0.47612711414562,-0.0455759672079569,-0.0911873019863842,-0.00724409457085862,-0.528620549888159,0.0834571328479317,0.0821301709612361,-0.0895914446096599,0.0537925951751288,-0.136557791535275,0.075703210742875,0.0282383305478076,0.171864874111823,0.228467997507594,0.414577625468807,0.570736541074655,-0.20177044656658,-0.151919395878003,-0.186583687060176,0.493363831643126,-0.00808779277676207,0.0751061368830365,-0.0555499698385567,0.164466675610896,0.0209981744358345,0.105213173836109,0.00679742650706865,0.151207759742017,0.258660795459488,0.386163568496142,0.481066028583687,0.127932435412527,0.0232522078728029,0.0716819168121358,0.2791613792673,0.072870430405496,-0.0609434692310047,-0.101361548439714,0.0683320534290348,-0.031395663337583,0.206139376488274,0.0122151430050242,-0.0281847560962096,-0.0434307974900937,-0.113393026541128,-0.22392762711301,0.147037463442828,-0.0151411197565957,0.0818933096901494,0.384486533933638,-0.0940892853764495,-0.0234615115519962,-0.0532427502035085,0.101083335512269,-0.00411440032811502,0.129571704506868,0.00217491935575719,0.216081735258508,0.444506228028989,0.606429318472573,0.915381059035788,-0.0221668447124041,-0.174126551659172,-0.18137535916116,0.127796981319407,0.131934614312865,-0.735571723663991,-0.175988586839971,0.318743539170658,-0.393640094339454,0.295455546225848,-0.0392079708460089,0.114624776391113,0.529730009532383,0.770577752294282,1.47563742381188,0.0774461964443567,-0.120069941825288,-0.172414184017921,0.359783446359518,-0.00312899477418679,-0.199917559385543,-0.197481580503891,0.0530858015700761,0.021357924837806,0.296805845691183,-0.000315219625217838,0.103845216233664,0.286176756232601,0.4179258950311,0.687679526128287,0.0768282384865643,-0.446925544137557,-0.732236848012546,-29597.7375154635
0.749612340131803,0.239533389167595,-0.00553138801852916,-0.103803571027226,0.0871873001607896,-0.0336240478422465,-0.0118043960515666,0.0254559662631742,-0.205812345010153,-0.29635698123776,-0.470433405176085,-0.702706468739316,0.0883182548223709,-0.1816509110945,-0.364676553347371,1.89558122131992,0.0220774045259451,0.0644821201767539,-0.109776613100544,-0.0284747202319724,-0.0345709556311876,0.163274526516022,0.00870372364489545,-0.174539000782073,-0.255488035163415,-0.327600759936491,-0.507473472948063,-0.109320194920948,-0.2974550727601,0.0423695305128284,-0.307106688473608,0.0613122961961243,0.171497440694707,-0.0330884316778963,-0.0310952567271451,-0.0869497619013409,0.232497693045199,0.0184461434983813,0.0598214550788407,0.172431358818335,0.234494416405422,0.476631585474452,-0.0453125435559739,-0.0913011102598404,-0.0075290852747378,-0.52760744632712,0.0836930710284155,0.0819716827568738,-0.0901546866730665,0.053308899214643,-0.136380275035145,0.0757763679955319,0.0282189413747134,0.171745814048816,0.228133172452905,0.414473623125099,0.57111492526726,-0.200927736758134,-0.151825274662027,-0.186747779607147,0.494427586140527,-0.00781163793792707,0.0748768051072099,-0.0558089255813715,0.164027782070972,0.0208936171706601,0.105324673183591,0.00677890763583454,0.151274018222713,0.258334592650497,0.38610068356742,0.481326175574572,0.128438107786319,0.0231266666123767,0.0712575800939634,0.280124345018031,0.0731882934822395,-0.0612881933677923,-0.101631892085618,0.0678391842980875,-0.0312267609802735,0.206217864607894,0.0121992865737201,-0.028257633023247,-0.0442291066166999,-0.113788233844666,-0.223987335429539,0.147364355599276,-0.0153757948869386,0.0814678921257723,0.385624121019688,-0.093799041715644,-0.0239615447883139,-0.053506381515389,0.100706482643995,-0.00418846281139838,0.129715133817239,0.00215749324564533,0.216153611236733,0.443578540494878,0.605980060880867,0.915622298154842,-0.0219254075121312,-0.174241046089766,-0.18167512826851,0.12894177262896,0.132091711615172,-0.735914525029095,-0.176005846562409,0.318113757107652,-0.393958977142264,0.295618678039419,-0.0392261016045648,0.116034994546881,0.530510944454462,0.7715483361305,1.47669727535364,0.0777501282071628,-0.120053320427425,-0.172934458849637,0.360826923501932,-0.00284822903586781,-0.200519941463091,-0.197967942802668,0.0528252280222676,0.0214222394503584,0.297209572635681,-0.000342978656402716,0.103767248092606,0.285571531061044,0.417911212827989,0.68802338615055,0.0772100642747888,-0.446616772536484,-0.733076538620916,-29597.7366706376
0.750713581700923,0.239763716036039,-0.00619555348701838,-0.104150330643766,0.0868191605250456,-0.0336616466797881,-0.0112705367071556,0.0254373793154467,-0.206104221541241,-0.296725779701062,-0.470205940107229,-0.702224137249131,0.0887610323825213,-0.181882975106166,-0.364600155748778,1.89662182236285,0.0223030544124996,0.0640604083024252,-0.11013691284182,-0.0289309779100893,-0.0345084140272693,0.163229455782481,0.0086856375002884,-0.174541607314906,-0.25556149958845,-0.327637865703143,-0.507361652532064,-0.108842380646726,-0.29767524331193,0.0424745613250423,-0.306035989034542,0.061586578058837,0.170795698832732,-0.0335246382137117,-0.0314414215874257,-0.0869979999236292,0.232957853531239,0.0184274146802166,0.0595871956260458,0.171871984602809,0.234786643631085,0.47661357451408,-0.0446412688453286,-0.0915204054841791,-0.00769301662049447,-0.52646339414531,0.0839539440916668,0.0813577159147681,-0.0902637712392843,0.0529135129055494,-0.13628140020078,0.0763615003393112,0.028203884917305,0.171512710963552,0.227999666697573,0.414180777916103,0.571085334862935,-0.201214040379689,-0.152516262166057,-0.187582711846803,0.495467608239475,-0.00753721635422679,0.0743251798870042,-0.056126903739451,0.163625042563333,0.0209471516366597,0.105824442087441,0.00676112292013482,0.151032026700412,0.257980924121519,0.386149199604551,0.481547598121723,0.12850621917232,0.0227746248996814,0.0711539274891288,0.280969210790043,0.0735438380733311,-0.061803497935139,-0.102027788947284,0.06737410505348,-0.0312759915681651,0.206940936454531,0.01218325258542,-0.0286199884459117,-0.0445420117635694,-0.113767149185638,-0.223905262380512,0.147805183120091,-0.0155029860165357,0.0813963437421341,0.386791847009969,-0.0935672877237381,-0.0240926832308348,-0.0537331739633594,0.10016721281256,-0.00417280609663382,0.130359552665838,0.00214745350750729,0.215668451592598,0.44335140447362,0.606120571598542,0.915565086873924,-0.0216866346899529,-0.174580581684329,-0.182190586929803,0.13001056414513,0.132244052485139,-0.736062553733446,-0.176293883908022,0.317547323874455,-0.393546611420081,0.295774080142872,-0.0392449300402401,0.115609670870732,0.530413605431711,0.771913318250676,1.47702827136658,0.07825738020258,-0.120538054281777,-0.172879782373064,0.361909085005128,-0.00259511077150154,-0.200708006429428,-0.1982757962516,0.0524700074278283,0.0213311233800812,0.297317027940089,-0.000364962706760291,0.104109027167091,0.285374184687664,0.417926939698453,0.688261072405981,0.0772916952130549,-0.446880808740828,-0.732919734417296,-29597.7359902929
0.751788280988456,0.239996469273757,-0.00668620491300174,-0.104533194019651,0.0864485892794897,-0.0337120859789261,-0.010940941877738,0.025420619192954,-0.206366321098768,-0.296390499892467,-0.470188956067622,-0.702761636165193,0.088684961779791,-0.182011334769918,-0.364382715850827,1.89766429481622,0.0225273260615828,0.0633148090163413,-0.110436563938715,-0.029356208913153,-0.0344607846001544,0.163499424184388,0.00866970648561272,-0.174918506994647,-0.255610916518521,-0.327404861480761,-0.507096160676538,-0.108972034429969,-0.297746303214428,0.0426560674882243,-0.305030147953162,0.0618473051154206,0.170302116682801,-0.0338211150537593,-0.031861737583513,-0.0869486388586112,0.23307653008899,0.0184110983238085,0.0590457506323715,0.172206250879529,0.234527162923638,0.476556016738708,-0.0451185398948838,-0.0917188891518487,-0.00729953961065773,-0.525309226916485,0.0841788080340665,0.0807079333486963,-0.0906977112847452,0.0525744513754957,-0.136429034281885,0.076520891158639,0.0281876008758843,0.171133757225682,0.227756279520274,0.414659616250815,0.570737204748024,-0.20116997424606,-0.15266291388005,-0.187083505604963,0.496494869984637,-0.00729966865434028,0.0736334577045566,-0.0565130640018413,0.163210649832916,0.0210287572246249,0.106154024665561,0.00674457933039927,0.150741617019266,0.258062164798124,0.386212306578478,0.481180455030037,0.128450510703825,0.0226507809873534,0.0713994362000929,0.281854957799625,0.073843432644018,-0.0626054512341495,-0.102438597752716,0.0669594959491159,-0.0313070058755528,0.207272002245769,0.0121664881572877,-0.028715965523473,-0.0442644301523261,-0.113535391775886,-0.22385992829851,0.147788551295198,-0.0156983639852586,0.0818788350867187,0.387799082643,-0.0933632705898872,-0.0251217879389405,-0.0540564311222812,0.0997136550175319,-0.00401167390788345,0.130511471240187,0.00213019778119971,0.215603463250753,0.443464633780684,0.606291761075376,0.915569590585877,-0.0217460790406207,-0.174860348570924,-0.18152496962723,0.131060089684601,0.132523762377518,-0.736928724261422,-0.176712870951725,0.317193073569071,-0.39327703673834,0.29615628747017,-0.039258885045921,0.11472262001005,0.529885366256403,0.77123808576549,1.47614519787747,0.0780121141534672,-0.120512037814909,-0.172683983922885,0.363014403126996,-0.00236881997723072,-0.201866888303088,-0.198519371658746,0.0519988588280685,0.0212695005311248,0.29765673024008,-0.000377131739897407,0.103250775294296,0.28570595456599,0.418477066895966,0.688344858162679,0.0773622621648862,-0.447249913985865,-0.73279011523784,-29597.7352957211
0.752931959689089,0.240255218980601,-0.00743610013189061,-0.104780958708757,0.0859814324516072,-0.0336142496910462,-0.0112927122501777,0.025403027331378,-0.206550067969074,-0.296174610543538,-0.470129634638322,-0.702845282109925,0.0880901090877339,-0.182078926293138,-0.364117037841207,1.89882258511483,0.0228161029972942,0.0626180106538041,-0.110769184345045,-0.0297511619221514,-0.03452683463238,0.163822242265636,0.00865216865383838,-0.175181897665801,-0.255179946381517,-0.327269188509235,-0.508018276357742,-0.109428672238051,-0.297800318515178,0.0429251462717043,-0.303901335317235,0.0621136108089707,0.169472416365469,-0.0341715966448873,-0.0323989005989331,-0.0868540739680332,0.233148470892295,0.0183950173177455,0.0591054869484008,0.172468982254276,0.234813255110141,0.476101163343885,-0.0452735117409152,-0.0916980446956361,-0.00705185274473914,-0.524152637078805,0.0843886230747349,0.0801212308252372,-0.0911240553543568,0.0521403561054073,-0.136428867256734,0.0765277791788798,0.028166560004796,0.170910850915768,0.228251278894313,0.414555971122503,0.57080969858163,-0.201203051286566,-0.152267495463947,-0.186218429839245,0.497666201108004,-0.00705239120821139,0.0729685891501529,-0.0568058082196465,0.162739200476458,0.0210171848437057,0.106103655160312,0.0067274387173049,0.150466552484397,0.258445125671138,0.386303471165571,0.480947944761254,0.128277665814007,0.0226952767874068,0.0717705203467579,0.283037671970711,0.0740794388454319,-0.0632010521012811,-0.102729365141849,0.0664922999844655,-0.0312335204488912,0.206792765674704,0.0121484764661129,-0.0289566675921254,-0.0438717888675447,-0.113407464115369,-0.224236548789263,0.147252644936844,-0.0156262347439825,0.0820163862954813,0.388861994540706,-0.0930607523925288,-0.025560050486692,-0.0545302077921699,0.0993883642003263,-0.00409311770418068,0.130279160058891,0.0021058859889346,0.21536145015523,0.443978059151617,0.606308244095993,0.91528799595177,-0.0220443163083321,-0.174576297940882,-0.181317311730003,0.132232165897421,0.132900274495141,-0.737760856187623,-0.177040030535906,0.316893013107075,-0.393603931116778,0.296338556047653,-0.0392735548983714,0.114394242479095,0.529576910004056,0.770816154072591,1.47548491416477,0.077428906478283,-0.120464229687133,-0.172569916993941,0.364126891267933,-0.00210829639867732,-0.201987364566663,-0.199031553061019,0.0514806958220106,0.0213986346143755,0.29777503295714,-0.000392785649936266,0.103418954407242,0.285926130010124,0.418148675224,0.687749895223732,0.0769846156813944,-0.447005634841887,-0.732467099810134,-29597.7345411553
0.753940334878128,0.240527133860349,-0.007651902379972,-0.1050737662438,0.0854882073831314,-0.0335731807993152,-0.0115259037021787,0.0253851228883755,-0.206440298762449,-0.296217889643081,-0.470262609284639,-0.703344336721771,0.0880497668581793,-0.181809867465958,-0.364313931021715,1.8998848459878,0.0230846495433429,0.0625004958280555,-0.111024124116619,-0.0301528737325816,-0.0345498527146007,0.163338992254743,0.00863230826513,-0.17506829460025,-0.255248155023657,-0.327803008371024,-0.507996631027597,-0.10969451292485,-0.29771000873863,0.0427152417038893,-0.302884500656177,0.0623733346980909,0.169486530796506,-0.034353348941445,-0.0328979755536877,-0.0868611956905246,0.232695065585338,0.0183755448234024,0.0591286192802284,0.172538954487786,0.23472035247239,0.476077797955255,-0.0456988022984714,-0.0914184164735704,-0.00734551733794965,-0.523145815064137,0.0846401979467854,0.0798594281668781,-0.0910919460613957,0.0516217474368585,-0.136259175778758,0.0759500070601189,0.0281472227264122,0.171286934617813,0.228602094651229,0.414286834749387,0.570328945430026,-0.201730897672824,-0.152252467263733,-0.187022742570109,0.498787803599739,-0.006808426671988,0.0728898278520122,-0.0570233267093208,0.162315304129951,0.0209529756840465,0.105381230251432,0.00670807686563369,0.15067529810159,0.258502011684457,0.386065223857306,0.480736861513374,0.127853276162176,0.022915678962177,0.0715142733346916,0.284402673848301,0.0742225185460508,-0.063356329891246,-0.102846373881745,0.0661129979284608,-0.0312142656723127,0.206630326016369,0.0121293193094826,-0.028900247757806,-0.0440313642980038,-0.113776532895977,-0.224690803041732,0.146959508761212,-0.0155837841276346,0.0817663052980405,0.38997801568143,-0.0927494993291933,-0.0261336255012145,-0.0547119860577994,0.0990393520932919,-0.00433228017850182,0.130228200955512,0.00208774992891238,0.215491320013471,0.443802242409544,0.606204900785351,0.914922540405509,-0.0224570777064996,-0.174450410866425,-0.181627403779123,0.133322469428518,0.133158511825228,-0.737846964230181,-0.177335950320201,0.316459403404271,-0.393966387176956,0.295720819264906,-0.0392949970695137,0.114769081274773,0.53049328652123,0.771369730138796,1.47567419622576,0.077526428986318,-0.120593807544469,-0.172582556011486,0.365074597191135,-0.00179290933962844,-0.202757352303782,-0.199052615092679,0.0510699188378339,0.0215406442872313,0.297241143481638,-0.000414426589046014,0.103163848340078,0.285593523714273,0.417796916193138,0.687239804334348,0.0767241020652837,-0.446923470031899,-0.732561366663756,-29597.7338836272
0.754896670438498,0.240822516396477,-0.0077646760064975,-0.105190370037353,0.0850690778570073,-0.033649853297683,-0.0117959171832617,0.025366224089661,-0.206358966259602,-0.296476474002994,-0.470776830908757,-0.703219767918918,0.0880561235176002,-0.181806634205802,-0.364709407686887,1.90090459622815,0.023308920503116,0.0622706746216041,-0.111182344385401,-0.0306254401443624,-0.0344930477448213,0.162699452872202,0.0086138729783087,-0.174801798166417,-0.255618562081328,-0.327838713601129,-0.508086258536366,-0.109577497869676,-0.297546227394923,0.0423235491905841,-0.301801618990047,0.0626394708898036,0.168960163324122,-0.0345263678987893,-0.0332123059351612,-0.0869443132682273,0.232238859084089,0.0183557005151733,0.0593871415980133,0.17222957519787,0.234211812935854,0.475768891410492,-0.0453785818089419,-0.0915632686991437,-0.00766925141178353,-0.522123800191669,0.0849571883632691,0.0796986269487954,-0.0914509133893265,0.0512245466402964,-0.136356343114907,0.075724650400593,0.0281310808103453,0.171338152859599,0.22782528993429,0.41440837411112,0.570232331284821,-0.201734236228109,-0.152413849928228,-0.187418218194323,0.499845456825749,-0.00655668743186267,0.0725887098235259,-0.0571591839669685,0.16192540478553,0.0209589175979901,0.105241759408631,0.00668828255505755,0.150851467641396,0.258104315922676,0.385867186227242,0.480610551899646,0.127896216825001,0.0228485994099273,0.0710505147129278,0.285615894043922,0.0743930819238845,-0.0634265494853019,-0.103026874425118,0.0657956577987671,-0.0312858952633544,0.206308526735992,0.0121078529376315,-0.0287941160761419,-0.0443453255023188,-0.114080277433177,-0.224629813457298,0.147109741705872,-0.0155408463881922,0.0812942576846778,0.391029974065757,-0.0925428044837887,-0.0258691711666915,-0.0548051857277669,0.0984435472791415,-0.00410662957254917,0.129570530414241,0.00207359954279519,0.21554204659482,0.443551399557662,0.60571130113723,0.914808048006984,-0.0222421904230843,-0.174677366412423,-0.182052773211353,0.13429952152962,0.133340767373095,-0.738049316404285,-0.177429349071581,0.315928373481738,-0.393681268391875,0.29524987392887,-0.0393208074128485,0.115292042977551,0.530484183009421,0.771359223565321,1.47616698065072,0.0775514745173934,-0.120370290296784,-0.172907665737391,0.366119390089763,-0.00150999879498888,-0.2025037231679,-0.199393224195479,0.0506747017159765,0.0213899920501162,0.296800529436026,-0.000432426810990883,0.103399669966488,0.285479065442247,0.417591338064104,0.687311244189913,0.0766964334925467,-0.446953969971273,-0.73320309521887,-29597.7331989848
0.756073692022557,0.241090544913131,-0.00838912296599616,-0.105567258251887,0.0846734737863055,-0.0336821762019377,-0.01202392996448,0.0253477572263257,-0.20624300687478,-0.296898054565181,-0.470659958607261,-0.703120521355005,0.0882382101400128,-0.182145912821792,-0.364856894914232,1.90204375841107,0.0235695839888097,0.0618211823819194,-0.111387098901424,-0.031104552272721,-0.0344709176472281,0.162884425843373,0.00859602700031764,-0.174924357349727,-0.255781175339909,-0.328071220639567,-0.507857310324925,-0.109258967472452,-0.297809155683273,0.0422040746978774,-0.300565037927954,0.0628844517811916,0.168915186948048,-0.0348891430153016,-0.0336004483948357,-0.0869345373737602,0.232427665885259,0.0183363321038061,0.0590726059098532,0.171559752373193,0.234032087264635,0.476020543531793,-0.0455052966743005,-0.091635391833047,-0.00785536339356409,-0.521047330188764,0.0852761712443354,0.0792609172842482,-0.0917594395550503,0.0507895233381074,-0.13649113872485,0.0756865794220854,0.0281123133657538,0.171089498277113,0.227575127083279,0.413365238150263,0.570606684445417,-0.201116767360593,-0.152410260725813,-0.186968193396281,0.500966327556693,-0.00627298952675122,0.0721246806244764,-0.0575234492062223,0.161481094039865,0.0210174948049809,0.105401763156662,0.00666957796939998,0.150693656606001,0.257711567577842,0.385539668156715,0.480821842647516,0.128247085087291,0.0225644691323498,0.0709571010898751,0.286679435589822,0.0746970877294127,-0.0639863927836673,-0.103308644283615,0.0653368711816107,-0.0313289659248871,0.206049802878248,0.0120889801115377,-0.0286874829425733,-0.0446125698746877,-0.114054491744612,-0.224350696704604,0.147294945075694,-0.0157164649802288,0.0812554951031428,0.39216144378625,-0.0923235544196948,-0.0265604337567459,-0.0551354195439315,0.0979250115158978,-0.00389482286562263,0.129559517828638,0.00205419440413503,0.215586321245977,0.443081626350894,0.6056083773373,0.915110270673435,-0.0220772297974453,-0.174526634846732,-0.182001072890334,0.13544484760414,0.133582282598804,-0.738507525008091,-0.1776999302358,0.315417902847978,-0.393304816052686,0.295417426186729,-0.0393390687848998,0.115428313154739,0.529508669416134,0.770858824605275,1.47594803679883,0.077523502509141,-0.120345352137338,-0.173222028169146,0.367369153360327,-0.00128766869873193,-0.203318585305686,-0.199600335894894,0.0501911911379562,0.0212530232787518,0.29687088650365,-0.000450154056066528,0.103791747774191,0.285258288417646,0.417566532383024,0.687780356166043,0.0770891748480165,-0.447134559801126,-0.732991420175249,-29597.732617624
0.757249359143629,0.241284131842303,-0.00909057664747692,-0.105932851480987,0.0842519474379362,-0.0336178160741809,-0.011521686320147,0.0253303620349002,-0.206519138305076,-0.296990384434575,-0.470829327424412,-0.702756762115577,0.0882556308211033,-0.18218545596742,-0.364529359835969,1.90315782880222,0.0238441332184065,0.0609567399160421,-0.111896730355551,-0.0314892955460657,-0.0345089947250941,0.163381209520186,0.00857999113127609,-0.175108311659577,-0.256041042429407,-0.328108788825553,-0.507685462737681,-0.109385571279769,-0.298062085278174,0.0425232124440181,-0.299348868728579,0.0630699140539335,0.167802634495733,-0.035212818719871,-0.0340820927272317,-0.0868636519961206,0.232745083855245,0.0183200933627085,0.0591250173833553,0.171654589648666,0.234079692192369,0.47626331260349,-0.0451936742696231,-0.0919486618362287,-0.00752190033094941,-0.519934552151975,0.0855099432920883,0.0781784569619426,-0.0921349519678038,0.0503355228350068,-0.136312036974641,0.076160025852696,0.0280946430270979,0.170952087579026,0.227479143501621,0.413844556948056,0.570564286668307,-0.20141951907831,-0.152519234240818,-0.187058278030299,0.502024439579102,-0.00600770042859597,0.0713096638651586,-0.0579454231713553,0.161005633660727,0.0210231868586484,0.105666117149167,0.00665406775463264,0.15052623248638,0.257587102329072,0.385465912451685,0.481018590292237,0.128266716078517,0.0225578864302998,0.071364638399401,0.287524862505268,0.0750579648925798,-0.0648985534557249,-0.103803268719883,0.0647928773211318,-0.0312301819944772,0.206717519396087,0.0120759319807904,-0.0289056209900263,-0.0447772060628824,-0.114212181287174,-0.22412297775285,0.147344211240911,-0.0159046241380589,0.0815940997361199,0.393306142195716,-0.092020143530917,-0.0274341447877419,-0.0555895153563346,0.0976698236255027,-0.00417210295209126,0.130083433512627,0.00203288055641472,0.215444726221631,0.44308789749669,0.605662789033683,0.915395183429978,-0.0219927941807556,-0.174892423881902,-0.181763212491894,0.136671147449433,0.13387919627112,-0.73919137933772,-0.178129560889647,0.315036430970768,-0.393426125605546,0.295986100141971,-0.0393477179117766,0.114421997115505,0.529073360369878,0.770278594675188,1.47564248707825,0.0776667867296612,-0.120749947510134,-0.172926893995249,0.368570405004558,-0.00110202873699983,-0.203847395052023,-0.200018192525348,0.049751093906145,0.0214363392622324,0.297446488118317,-0.000469239136892641,0.103175917315338,0.285097882370801,0.417678019054222,0.688030652781749,0.0770801061905742,-0.447320160523212,-0.732884353061379,-29597.7318849998
0.758361295526809,0.241497852616989,-0.00967568576965963,-0.106197677231406,0.0838359313400969,-0.0335782126287117,-0.0109885657000549,0.0253133253118533,-0.206842981541291,-0.29664940083312,-0.470759557506717,-0.703208609994377,0.0881247050931206,-0.182129280133994,-0.364470160188849,1.90417480177346,0.0240927034721769,0.0604473191314925,-0.112265362295001,-0.0318765357658405,-0.0344697420063964,0.163542495622328,0.00856077043499721,-0.175320233184642,-0.255907635897874,-0.328001016374886,-0.507831298215548,-0.109601113616146,-0.297733892051476,0.0424909550754839,-0.298368663485623,0.0633606889066665,0.167465070870988,-0.0355999823182456,-0.0345058138156515,-0.0869215072441306,0.23315223127785,0.0183023934294621,0.0586847765614909,0.172060888555869,0.234234013501113,0.476094159217809,-0.045789399151827,-0.0916264616110773,-0.00749478462301005,-0.518726998421581,0.0856762796736815,0.0782799324590758,-0.0925647153417932,0.0499222395105951,-0.136310284605895,0.0765083042375461,0.0280783219287025,0.170985679728848,0.227510376705891,0.414216158829692,0.570722516778237,-0.20169311446547,-0.152862827999424,-0.187267653067408,0.503085105585238,-0.00575908377219491,0.0707097624716298,-0.0582059999596179,0.160578226289709,0.0210067788143744,0.105993538137496,0.00663703173675757,0.150332178733387,0.257895511665604,0.385915673582599,0.480884631114473,0.127794947402152,0.0225772790282215,0.0712304303864383,0.288432430698811,0.0753720635025539,-0.0653468589805549,-0.104188424956629,0.0643390604540812,-0.0311722794931872,0.206996755173407,0.0120590750010216,-0.0293406251266658,-0.0445806955804599,-0.114182283429041,-0.224593786039241,0.147118758306359,-0.0156884278698552,0.0815823966476541,0.394414981411389,-0.0917713197725968,-0.027761954101844,-0.055921998727956,0.0972156276133981,-0.00411822083667728,0.130684811069126,0.00201956184982927,0.215004961366305,0.443279567168852,0.605645801794664,0.914937538306012,-0.0224933412172874,-0.174817239049585,-0.181873046277808,0.13780875159384,0.134152814212638,-0.740354482020663,-0.178530816249797,0.314693045519316,-0.393855496505262,0.295836271225885,-0.0393632897687109,0.114082993836798,0.529716629793313,0.770859471512586,1.47601994900399,0.0775017477688598,-0.120834272501911,-0.172809057374832,0.369668266776419,-0.000825557977490031,-0.204665792487376,-0.200354684112204,0.0494085601172442,0.0215296306022983,0.297555245146408,-0.000486060436260396,0.103345107851932,0.285238123129305,0.416993443888374,0.687174720220973,0.076529553500526,-0.447010720603523,-0.732989255269644,-29597.7314554758
0.759485491014329,0.241777989144679,-0.0097663127121222,-0.106513134423625,0.0833980340229107,-0.0335965714228117,-0.0109195835576051,0.025293905854133,-0.206981211052322,-0.296585050293139,-0.470700976166109,-0.7035385296441,0.0876519917639951,-0.181893633159222,-0.364892001887247,1.90530750825025,0.0243491040168659,0.0602073683462454,-0.112483316047115,-0.0323489242141489,-0.0344441737172306,0.163601498359386,0.00854145112138762,-0.1755517997756,-0.255491979045717,-0.327977202974121,-0.508403396625327,-0.109859709500643,-0.29761990071008,0.0422129638340787,-0.297388074181465,0.0637152122015769,0.16699306282243,-0.0359330018490096,-0.0349432415699951,-0.0869307685216522,0.233163428456966,0.0182829655854521,0.058658216156904,0.172071310027117,0.234173478966658,0.475555249637356,-0.0457379170984263,-0.0915943898792243,-0.00778022943963597,-0.517489668885494,0.0858878704938677,0.0775137212713684,-0.0926537859136573,0.0495392828694369,-0.136372876278611,0.0765701301378796,0.0280577148620035,0.170631794291335,0.228178744966461,0.414082422313273,0.570135615262215,-0.201966308451342,-0.152396332952383,-0.187334537204468,0.504248495182528,-0.00549738453465266,0.0705510116983974,-0.0585177945483927,0.1601540540053,0.0210143488190386,0.106101947635726,0.0066172605855408,0.150202155133385,0.258160734679874,0.385825923181544,0.480368723197291,0.127547113815467,0.0227474838376797,0.0708988350038639,0.2895920222805,0.0756294064169472,-0.0656934745403938,-0.104435039182565,0.0639159420453311,-0.0312035664799285,0.207194028131151,0.0120387237276421,-0.0294099205795221,-0.0443905693245559,-0.114121858091723,-0.224920621580149,0.146819387495096,-0.0155070046137645,0.0813283945187656,0.395502970359994,-0.0915273787223967,-0.028102069080014,-0.0561337457487476,0.0966541808378702,-0.00393797213135229,0.130427767682634,0.00200217685897773,0.214843331486077,0.443377295806867,0.605657442679722,0.914518059518787,-0.0225634531209585,-0.174649789744288,-0.182118740711573,0.138853100533418,0.134419806214778,-0.73993429857505,-0.178825015744908,0.314226850855122,-0.393829013280492,0.29612721681487,-0.0393904700506444,0.114614547251351,0.530292200730556,0.771295877711454,1.47570934378607,0.0770346225780909,-0.120510044087446,-0.173123091918266,0.370760891966126,-0.000511179512111029,-0.204631056807134,-0.200668578832072,0.0489478669950261,0.021417445391501,0.297673298669107,-0.000504419869141247,0.102424492815835,0.285183089775415,0.417606538874122,0.686997143917907,0.0764222502221654,-0.447179732291974,-0.733181831058948,-29597.7307604746
0.760452946241127,0.242078298948595,-0.0102037497906027,-0.10672623620469,0.0829314810408495,-0.0336195254830783,-0.0116305540044652,0.0252753432018216,-0.206812640804753,-0.296805497047155,-0.470933796038503,-0.70361531370597,0.0879168291294296,-0.182206672102848,-0.364865879033346,1.90645800692288,0.0245952339920642,0.0599778636277539,-0.112653005806016,-0.0328113538034927,-0.0344792645100425,0.163526712926063,0.00852546313267056,-0.175409356302106,-0.256011413209317,-0.32820335862832,-0.508511524166129,-0.109784853082222,-0.298136801630732,0.0421976894855822,-0.296307575721349,0.0639505109947686,0.166768762945383,-0.0360505335406116,-0.0355041888421656,-0.0867882304628174,0.232741136955014,0.0182660018321871,0.0587546545387535,0.171817452450604,0.233975973592109,0.475436675329912,-0.0457214129269587,-0.0918256144762838,-0.00788685957364955,-0.51648431881946,0.0861920056980287,0.0774745144810503,-0.0928875413224059,0.0491163945997521,-0.136302180458553,0.0761098882433681,0.028037627232046,0.170590450542265,0.227402438755085,0.413606281037994,0.569541588735749,-0.201713526503358,-0.152437550464319,-0.187394134452537,0.505372077052067,-0.00526046744665009,0.0703158768157767,-0.0587592425015131,0.159740656570361,0.0210331895165456,0.105685939932945,0.00659749584375086,0.150156171130213,0.257650044061754,0.385212318286134,0.480163911335749,0.127974151792125,0.0225588393205715,0.0710682855451135,0.291022497683194,0.0757347892737713,-0.0658456756159667,-0.104552606173863,0.0635579617927273,-0.0312937523728729,0.206584656527151,0.0120183259433237,-0.0291664783324865,-0.0445187261577913,-0.114208427770548,-0.224878959565891,0.146877353976733,-0.0159741301877619,0.0811821168620236,0.396537548882844,-0.0912167264150705,-0.0284474686871031,-0.0563894111296341,0.0963844505957359,-0.00426763446066563,0.130102125487803,0.00197697534993884,0.215187585561698,0.443300636531965,0.605566342914079,0.914565685847672,-0.0224773655420993,-0.174759869504481,-0.182118174503335,0.139775542054892,0.134648365073077,-0.740459787974564,-0.178922514344057,0.313718701781232,-0.393228987829795,0.296106531742601,-0.0394182457772599,0.114917014692138,0.529793508789485,0.770530090057738,1.47516816423163,0.0774543210272001,-0.12051799194215,-0.173125461958886,0.371633791249441,-0.000247245433403111,-0.205067188936389,-0.200869727205958,0.0484379048168406,0.0213195790063373,0.297365348163535,-0.000525822773816522,0.10332189003381,0.285560713027845,0.417558536685957,0.687351259521535,0.0767353431854067,-0.447047176249416,-0.733222567908455,-29597.7302365542
0.761464883362626,0.242340828444617,-0.0107444279776777,-0.10698156773541,0.082504437734836,-0.0335979444567329,-0.0117136287294975,0.0252588311684585,-0.20659105692713,-0.297263865792312,-0.471220155826718,-0.70341542685095,0.0881418240719745,-0.182545984921809,-0.364496856534092,1.90746918187847,0.0248376703199691,0.0593199354733378,-0.112913887667998,-0.0331825616480427,-0.0345052394312745,0.163027903931799,0.00850658318391473,-0.175206272947283,-0.256169183549051,-0.328492200139586,-0.508171209602639,-0.109493235486093,-0.298240019640728,0.042396259687204,-0.295077190267977,0.0641301364606321,0.166232004454636,-0.0362887948391795,-0.0358614083256539,-0.0868446967194362,0.232583700484221,0.0182477019259444,0.0589810064317821,0.171385785342203,0.233672353219545,0.475753223387943,-0.0453388915289407,-0.0922599327717512,-0.00747642286561845,-0.515578196768729,0.0865224333356674,0.0765237210416334,-0.0932286627785033,0.0486235650693379,-0.136311102552764,0.0759428673363158,0.0280224527909804,0.170945132701503,0.227241224251164,0.413380611116038,0.570293078032453,-0.201537099624582,-0.15309743407816,-0.187085800198898,0.506441853895775,-0.00502701922803453,0.069614756182063,-0.0588843021497955,0.159313095712078,0.021012908535539,0.105507761191436,0.00658000913270578,0.150446910076403,0.257387242931146,0.385271437162376,0.480490366169577,0.127997422651132,0.0221881897086713,0.0712305842102989,0.292215913365873,0.075911987361103,-0.0664205207195,-0.104748595336517,0.0632015476790973,-0.0312086496279735,0.206413539691982,0.0120004364836523,-0.0291067142293325,-0.0450964438883451,-0.114652072985771,-0.224805011212031,0.147157315817837,-0.0162407903367801,0.0814838395756085,0.397615406919084,-0.0909859660410593,-0.0291469031965394,-0.0566790744335425,0.0959715612736995,-0.0041569273875328,0.129851855743023,0.00196058234632032,0.215302412838025,0.44276632421888,0.605224619393922,0.91482291436822,-0.0221388971853251,-0.175268631768841,-0.181780813539777,0.14104223426424,0.134906078325536,-0.741044272734743,-0.179214826029787,0.313311135810439,-0.393524980617189,0.295611581598547,-0.0394198177587117,0.114212000909915,0.528712457970523,0.770101176516091,1.47538001050847,0.0774815834732704,-0.121030841952227,-0.17286467900018,0.372722081346399,4.22762799608345e-06,-0.205680373595613,-0.201102985259725,0.0480102638494975,0.0214750307812454,0.297145842209399,-0.000540830538947385,0.103208760011171,0.284757484394775,0.417224437592129,0.687337017519725,0.0768556707265436,-0.447781814487682,-0.732759477484728,-29597.7297051447
0.762691073650096,0.242573111738525,-0.011517940537813,-0.107315780990968,0.0821006592910625,-0.0335807707280294,-0.0117231088030988,0.0252401914246448,-0.206904951969966,-0.297273584583818,-0.471225673154457,-0.703195517888736,0.0878790634288692,-0.182349356039847,-0.364761020021586,1.90856237091392,0.0251171937747074,0.0586082576824559,-0.113291628155878,-0.0336088090289406,-0.0344597057547679,0.162878636631187,0.00848782818978206,-0.175369431929825,-0.256394783083978,-0.328462071535778,-0.508030861934623,-0.109670970571473,-0.298218868021061,0.0424837071890601,-0.293798566584337,0.0643604588806938,0.165460747981162,-0.0366481568105715,-0.0361507548555356,-0.0869263311578374,0.232449595277847,0.018226684253407,0.0587006492474187,0.171334338665254,0.233665601245763,0.475859932614158,-0.0458043245368937,-0.0920004869143476,-0.0078211377429375,-0.514495374215144,0.0868006993165493,0.0760932366157378,-0.0935341666348454,0.0481257022959065,-0.13639556584184,0.0757365158627352,0.0280033170543,0.170794373804885,0.227302947392534,0.413653907497173,0.570363761988222,-0.201670388039637,-0.152686125497851,-0.187012066227644,0.50753826717073,-0.00473630933985761,0.0689503980816225,-0.0593695813007184,0.158873907489398,0.0210404661114352,0.105302783334787,0.00656244329501008,0.150299115169336,0.25735350392764,0.385212209005771,0.480731418086161,0.127846981425162,0.0222643409059187,0.0711228019701338,0.293129761061328,0.0762711602225416,-0.067191677773121,-0.105160197302354,0.0627098414136875,-0.0312046127527184,0.206482473236413,0.0119834216792081,-0.0293149399563842,-0.0451306809095461,-0.114644775618349,-0.224610083355419,0.147008500673597,-0.0160455321548731,0.0814474735707081,0.398824961738399,-0.0907953619723861,-0.0296056155063181,-0.0568569190374002,0.0953118875467839,-0.0038568780410796,0.129789826366479,0.00194829599141962,0.214912705692087,0.442658060406178,0.605124793848186,0.914791607490986,-0.0224852779082112,-0.175011252158302,-0.182014831546469,0.142287199961801,0.135191136382842,-0.741567779893638,-0.179512192741809,0.312898628390095,-0.393799119267139,0.295346646053451,-0.039435586815552,0.114197571486775,0.529187570224107,0.770170183133595,1.47545057020813,0.0771997017963408,-0.121201715336963,-0.173266155809549,0.374075836525639,0.000239922573739615,-0.206313809429463,-0.201403980440094,0.0476098714980038,0.0214981162945326,0.297011129138001,-0.000557775196669195,0.102596064863698,0.284467266226842,0.416668001334906,0.687166281989402,0.0766355058009645,-0.44735225531987,-0.733220775659516,-29597.7292049234
0.763839227866052,0.242785336076608,-0.0118024837714217,-0.107643500278715,0.0816996948291219,-0.0335854789886368,-0.0117887487509614,0.0252217611735315,-0.207211937485176,-0.297131448277519,-0.471159328189344,-0.703526826077793,0.0875944452448435,-0.182043809233585,-0.365066071317738,1.90964656354152,0.0253776317588222,0.0581960870419754,-0.113620274696721,-0.0340629224934419,-0.0344228653934302,0.163109036424272,0.00847151879831657,-0.175859422410309,-0.256219017805218,-0.328507490229279,-0.508374359705431,-0.110069505424393,-0.297757700665668,0.0418690972005643,-0.292720952405864,0.0646052386801128,0.165156171441756,-0.0369794702234956,-0.0366309480553256,-0.0868718052118867,0.232391562978716,0.0182096581518622,0.0582836711393178,0.171503282299364,0.233733971010339,0.475595797132899,-0.0459637273921158,-0.0917169808068077,-0.00801662986905025,-0.513283309322533,0.0870154466354537,0.0756130961217761,-0.0939249932887601,0.0477575136738257,-0.136268225680478,0.0758776624547414,0.0279862083495281,0.170312615081645,0.227297242765266,0.41348251986468,0.570104092952137,-0.202084704358322,-0.152447348165966,-0.18776652121092,0.508600397496331,-0.00446911917954259,0.0685566327829129,-0.059673717865583,0.158424804709849,0.0210583108613063,0.105338537287634,0.00654595266421651,0.149804598555244,0.257441421352514,0.38517098480797,0.480359475347788,0.127480375345461,0.0227022375392472,0.0707108001194891,0.293937467243903,0.0766413539094056,-0.0676520848725593,-0.105579849970116,0.0621985895711085,-0.0312063240816291,0.206221875511429,0.0119675438613265,-0.029601936347109,-0.0448853779610035,-0.114495840757383,-0.224776999154626,0.146624727910941,-0.0156637498943518,0.0809834296066008,0.399917017998168,-0.0904990496803208,-0.0301027818653452,-0.0573191011426776,0.0950067105922543,-0.00405629725543142,0.129755186445697,0.00192708715425291,0.214705226264542,0.4429030383737,0.605268202366614,0.914671407692669,-0.0227307567972665,-0.174713264689326,-0.182351158063872,0.143254385231873,0.1354071198646,-0.742206835990535,-0.179911101334174,0.312438013931652,-0.393512988120487,0.295516875979976,-0.0394653869231815,0.114279251801718,0.529535543554109,0.770567089245453,1.47568202031851,0.0770655535250921,-0.120524468839489,-0.173265797221328,0.375251979267567,0.000442379096351105,-0.206722572526341,-0.201802122647142,0.0472040194071791,0.0214570582185527,0.297022136843479,-0.000578812154819102,0.102733099343142,0.284874096991833,0.417156050802497,0.687182101723079,0.0763302173142388,-0.447188317071266,-0.733404975242433,-29597.7286824664
0.764846242887374,0.243032349565586,-0.0119940851140106,-0.10793245579274,0.0812683913777554,-0.0335726805829306,-0.011038172957841,0.0252050613131389,-0.207111048076893,-0.297081774859769,-0.471341607139895,-0.703760429209264,0.0877650265508417,-0.182297972255346,-0.365145466696528,1.91069083159935,0.0255855226003837,0.0581807218357444,-0.113914514753726,-0.034498311611426,-0.0344322427841878,0.163437257093187,0.0084533179517234,-0.175605772932572,-0.256056606907104,-0.328541702391917,-0.508574486934479,-0.109808517372533,-0.298052805743626,0.0420552259304015,-0.291934724742176,0.0649586253134541,0.164908388948344,-0.0373516265116453,-0.0371536818792772,-0.0868265226507617,0.233209825101193,0.0181942643059589,0.0586144926348032,0.171520554043436,0.233523672242831,0.4753069392049,-0.04587705597963,-0.0918731252832731,-0.00818942413042089,-0.512058045404191,0.0871639460791773,0.0755401681180639,-0.0941044611896845,0.0474285572720698,-0.136307482776739,0.0765244461426248,0.0279682675580624,0.170407686930793,0.227172133141715,0.41323288029362,0.569540956579093,-0.201930524688836,-0.152973198505894,-0.187353643926822,0.509633921371213,-0.00424032944362157,0.0683672792717488,-0.0598875477152286,0.158012583317296,0.0210329661824616,0.106070046130449,0.00652730347374158,0.150052711466421,0.257542532005637,0.385249566970189,0.48006393452535,0.127642089243783,0.0223515163796346,0.0707271122986129,0.295075152260765,0.0768440207396726,-0.067755592368122,-0.105828489779955,0.0618042740926411,-0.0311704713120314,0.207254318704701,0.0119495922054662,-0.0296125679931915,-0.044984274159717,-0.114829224770088,-0.225289193687127,0.146884136361286,-0.0159287430200204,0.0811263092634587,0.400886666869527,-0.0901936569114657,-0.0303479149845657,-0.0576956231147522,0.0947401276018611,-0.0041730171833935,0.130618673605166,0.00190576639245922,0.214684097909533,0.442854026835928,0.605021429158449,0.91426660201251,-0.0226371421971445,-0.174985680100554,-0.182342830205302,0.144252390750592,0.135669881089207,-0.742231573928907,-0.180272269314405,0.312025669149615,-0.393457736584581,0.296068656404847,-0.0394801515432466,0.114259840752993,0.529266553841468,0.77034811039086,1.47510962346902,0.077057930870572,-0.120664870283745,-0.173497717977664,0.376182990175359,0.000723139081272549,-0.206880131889736,-0.202026621976717,0.0467758624294416,0.0214189266295083,0.297535786722943,-0.000596382563267793,0.102481440752902,0.285038088163601,0.416965127742738,0.686967546189659,0.0763108045612362,-0.44727392796469,-0.733426559459028,-29597.7282915973
0.765937356591735,0.243312815921519,-0.0123114033261339,-0.10820166862447,0.0808100900688428,-0.0335695765028504,-0.0104040557739649,0.0251859981472901,-0.206978596460919,-0.297234934239523,-0.471521362838768,-0.704024640416286,0.0878253600311044,-0.182637915845152,-0.364781848204399,1.91186421511231,0.0258556711487984,0.05772456316403,-0.114179248887107,-0.0349088719248091,-0.0344655104327471,0.16430792292383,0.0084339501065337,-0.175513028220494,-0.256288349482845,-0.32876304128837,-0.508767088495624,-0.109747933670623,-0.298417275969154,0.0422106971757618,-0.290968197429226,0.0653103992365807,0.164488439016917,-0.0376388829811061,-0.0376503917480392,-0.086845977554426,0.233804396414243,0.0181753219713007,0.0585427464688201,0.171459151667672,0.233407028785011,0.475124327549947,-0.0456757823038785,-0.0923266514780212,-0.00765947028979401,-0.510866872695264,0.0873808439877547,0.0751877485223707,-0.0943914304610604,0.0470098333340224,-0.136357159548963,0.0771388484438461,0.0279475821563892,0.170559417352722,0.227287873329892,0.413231338757537,0.56962574713669,-0.201791092139576,-0.153007357508961,-0.187510114162935,0.510803430871544,-0.00398058833641296,0.0680468362234555,-0.0602467580887737,0.157579477718075,0.0210428401937948,0.106802909902588,0.0065073950046385,0.150126836435321,0.257394801448654,0.384874461018467,0.479961885269243,0.127771777536884,0.0221040162622539,0.0710130660037522,0.296397635994332,0.0770374416268868,-0.0680788667225071,-0.106088139562902,0.061403160677592,-0.0311888110845142,0.207709644178464,0.0119287779141877,-0.0294232051325037,-0.0450750820890912,-0.114930013717736,-0.22536820286555,0.146906721581438,-0.0163188216491545,0.0812645447347942,0.40203720497717,-0.0899729694716249,-0.0306486660259445,-0.0578575738222421,0.0941341333832453,-0.00404690014771292,0.131040714429789,0.00189036843920809,0.21495201741808,0.44276426896489,0.604881925041814,0.914108171415805,-0.0224566384123025,-0.175312873973782,-0.182088349553758,0.145401785977092,0.135974055881099,-0.742679518019117,-0.180472996953054,0.311608167981615,-0.393596536064181,0.296921982828277,-0.0394980973396578,0.114231562396109,0.529155511098679,0.769843240815676,1.47482488480847,0.0772711051022104,-0.12123387981985,-0.173137379250955,0.377201421669167,0.00104156362236024,-0.207267501783848,-0.202408176283873,0.0463046667376912,0.0214438450634092,0.298423865294643,-0.000614619177684859,0.102987561709233,0.284679383803803,0.416744407703693,0.686595645234386,0.0767265908338524,-0.447777652476598,-0.733204927945258,-29597.7278105896
0.771252245812783,0.244728511328417,-0.0159528280286387,-0.109376995415903,0.0785887332432941,-0.0334998671876093,-0.0131678007542874,0.0250939122786124,-0.20803712898595,-0.298297165989888,-0.471473764988384,-0.703318825479315,0.0869638437157285,-0.182515800252024,-0.365016669845229,1.91735300744627,0.0272315418578588,0.0541594801762863,-0.115290642744851,-0.037088813565741,-0.0344058701521549,0.162052769772265,0.00834175039904895,-0.176720906949225,-0.257379283842478,-0.328776509266019,-0.508232480607139,-0.110855716470587,-0.298350957771924,0.0419030581254862,-0.284966615148287,0.0664649943825306,0.161052638993603,-0.0386714443451891,-0.0397611524873899,-0.0867436615378721,0.231269849918311,0.0180794103544126,0.0575876694718838,0.170276506162837,0.23340912000908,0.475811354653671,-0.0466459618110738,-0.0921366378340702,-0.00810772808336037,-0.505666079748126,0.0889139056980428,0.0715304117326076,-0.0956114577103754,0.0446357766129648,-0.13618059925875,0.0746242762358003,0.0278551437438997,0.169597736078365,0.226228300461329,0.413263476171722,0.570259723321782,-0.202821840495382,-0.152944479444889,-0.187539894029804,0.516476813899252,-0.00266600618297698,0.0645332251341911,-0.0613501923634365,0.15541307140123,0.0211384255674386,0.104096725651515,0.0064135717976441,0.148894744550204,0.256210744260925,0.384773197628772,0.480426650651347,0.126840607651647,0.0221695447834401,0.0707764865697418,0.302272237284931,0.0782095594690482,-0.0715256307805197,-0.107090696578711,0.0593303454596544,-0.031205732136607,0.204978456277412,0.0118331786163343,-0.0304081474465555,-0.0459289798214998,-0.114678191801873,-0.22452309545822,0.14580378864619,-0.0163239494095791,0.0809179943638893,0.407547222452698,-0.0886547034186858,-0.0341352786403943,-0.058993935617874,0.0918589204161239,-0.00395847297860448,0.128584555851313,0.00179820662349858,0.213952723782283,0.441906964137476,0.605161644959886,0.915060773331657,-0.0234763032522057,-0.175150189055748,-0.18227286524658,0.151129977568421,0.137307474177321,-0.746252901365925,-0.181635431214364,0.309356886705345,-0.393537802935715,0.294439776896269,-0.0395967771829195,0.113216581849159,0.528326042164933,0.770217888525586,1.47572122564919,0.0764379701356463,-0.121099439722181,-0.173269296000911,0.382344785242671,0.0025350533864724,-0.210951113567092,-0.203605121454949,0.0439819669209813,0.0215073042964937,0.295813312373145,-0.000705937605515445,0.10170850393076,0.284007497324631,0.417042818347518,0.687612882705427,0.0754591019526985,-0.44744590624603,-0.733151827563079,-29597.7261201066
0.77693240377639,0.245945344146658,-0.0162441684580098,-0.111658717715132,0.0764153366179278,-0.0335768023484724,-0.0206127461917934,0.0250031047621394,-0.207670546359513,-0.296887499242615,-0.472990991209504,-0.705518311974105,0.0888045084681267,-0.182745683386589,-0.365497325923972,1.92238739437679,0.0285446310402278,0.0537997297544479,-0.117587242954084,-0.0393024934861287,-0.0343887297643532,0.154323524546889,0.00825787266393401,-0.176298388636202,-0.25607470279266,-0.330384160196593,-0.510450561345501,-0.10884091637698,-0.298584771984823,0.041631462844418,-0.277928919601194,0.0670155298511456,0.161268949950947,-0.0405744928742749,-0.0414148577231006,-0.0869326210433726,0.223577218612254,0.0179819967018369,0.0576653687544342,0.171626513442181,0.231794893750732,0.473451946099881,-0.0449233905108161,-0.0926769546697874,-0.00878941615105936,-0.501045155828103,0.0906564323798621,0.0707963940667716,-0.0981695430670052,0.0420616174380771,-0.136199331728761,0.0670833181158034,0.0277691089569342,0.170004024249356,0.227571901855374,0.411613825408726,0.568008194516422,-0.200628820559846,-0.153047523488895,-0.187667758033567,0.52171111517649,-0.00134474318498621,0.0641794878084412,-0.0636184717368025,0.15314417303123,0.0211247371332182,0.0966048738991428,0.00632774612851043,0.14931754756544,0.257589374418075,0.383335597014745,0.478247797278157,0.128731616939083,0.0218764754038704,0.0703413607121211,0.306503132588332,0.0799697842104505,-0.0721686931672503,-0.10965280050424,0.0567956527235197,-0.03116516529396,0.197637969508302,0.0117541122203221,-0.0300995688909641,-0.044695720390792,-0.116412495500674,-0.226880338661513,0.147983264128972,-0.0163310581895015,0.0807790649274126,0.41298839104755,-0.0872920346543103,-0.0345427822759535,-0.0613288662052155,0.089702576130961,-0.00401341232943667,0.121039847171043,0.0017093991997966,0.214033695907009,0.442933440866266,0.60321294809837,0.912363000834497,-0.0214648674053483,-0.175486627713596,-0.182794117106435,0.156600783477106,0.138625278543699,-0.746468989691498,-0.183852116831388,0.307112822033197,-0.393533402160652,0.286691170930746,-0.0396817020608355,0.113325861280236,0.529179828522588,0.768371445720867,1.47300632426014,0.0780407604533264,-0.121473849764139,-0.173807403347479,0.388808328267578,0.0034459834580559,-0.211028809272625,-0.205689460463886,0.0420139039934063,0.0215374131583053,0.288314221227408,-0.000799741568292765,0.101917431614381,0.284745976141682,0.414955855318547,0.684812323753609,0.0776437701575649,-0.448003018714375,-0.73406770256383,-29597.7255441969
0.779469111247248,0.246498672583489,-0.0178929913066077,-0.111918507785397,0.0754646656580036,-0.033498045285922,0.000831086694708841,0.0249640519485857,-0.207899977956465,-0.298747256415218,-0.472217121535326,-0.704834769063499,0.0864651262722556,-0.182389553017915,-0.365612220936748,1.92501287255967,0.0291265100976133,0.0521134870412395,-0.117977583902121,-0.0404187649672015,-0.0342141221489857,0.174914265558316,0.00821408368979652,-0.176329791257469,-0.257698087498742,-0.329439982760469,-0.509544451846703,-0.110792927643436,-0.298091781095928,0.0416548415533885,-0.277564277062123,0.0685597236630525,0.158825738534563,-0.0413983950518993,-0.0430121720738009,-0.0867616270644191,0.244432940580442,0.0179525082516643,0.0576195286450449,0.169951267330361,0.232685448699516,0.474241399053504,-0.047152237825331,-0.0920969132778568,-0.00850274286404112,-0.498055931397611,0.0909375330126016,0.0693994486178851,-0.0982575551207802,0.041349555468723,-0.136193132100343,0.088016162443928,0.0277306796373008,0.169468144617061,0.225477101102795,0.41227490218484,0.568512977331995,-0.202896685834113,-0.152719518251382,-0.187910399308517,0.524006701811624,-0.000657663804811722,0.0623813858304785,-0.0639460186566179,0.152026974323592,0.0211038718065145,0.11724741751769,0.00629023853670223,0.149356197442848,0.256038535743568,0.384369896467512,0.479249292313683,0.126446805500604,0.0222870927789301,0.0702253858641874,0.30945236923711,0.0802733015098042,-0.0736860914166926,-0.109803536209014,0.0560506268605418,-0.0310126724991604,0.218549407894444,0.0117116058942,-0.0303467820503997,-0.0466976844546966,-0.11573250118888,-0.226276624651921,0.145709768729047,-0.0159883904738135,0.0805569461898029,0.415695009231192,-0.0866790522510639,-0.0364452671711193,-0.0616612323320851,0.088877260627032,-0.00398317479497476,0.142103371354334,0.00166218101641767,0.213702673707642,0.440817896688306,0.603778024133737,0.912875209742175,-0.0237839026438768,-0.175110714077543,-0.182904876034957,0.159079833207805,0.139058088699144,-0.74812625309738,-0.184123403547135,0.305953481906706,-0.393229999587686,0.307378000907122,-0.0397075583779067,0.113307266450903,0.527416129627298,0.76911118109553,1.47391012247743,0.0757839148370158,-0.120897089769751,-0.173983021510146,0.391905834167362,0.00385951422770418,-0.21263170713812,-0.205833716181851,0.0410824543840521,0.021609129125465,0.309132090236087,-0.000842859746081475,0.101859854511912,0.282676445203663,0.415579102835179,0.685384080176349,0.0754995669116518,-0.447751846609413,-0.734405757304229,-29597.7248507595
0.780056940486521,0.246575760791717,-0.0190812456838318,-0.111877942560651,0.0752397100151172,-0.0334012361814512,-0.0110712896927733,0.0249548456727431,-0.207514517075392,-0.298232982311596,-0.47332965019084,-0.70457406994109,0.087210610689511,-0.183222634928302,-0.365608034445818,1.92585458880015,0.0292517065429266,0.0509858168351214,-0.117897867324955,-0.0404511790476617,-0.0344246571301388,0.163976241608771,0.00820279636880282,-0.176213044548632,-0.257402802964351,-0.330752502095165,-0.509565964735028,-0.110754996425137,-0.298846139135381,0.0412109118213173,-0.277531774422118,0.0690474589944623,0.157452248225061,-0.0416091763793734,-0.0436154257939775,-0.08662883870753,0.233816988230574,0.0179475259395535,0.0582116098673989,0.170180726201759,0.2314174510675,0.474459031307202,-0.0463034253033638,-0.0924495992841944,-0.00851924445723099,-0.495950050500927,0.090390586497165,0.068700028052757,-0.0979962368556381,0.0416984290709007,-0.136285864853474,0.0769135349773778,0.0277116367233426,0.169941298076548,0.226171225016803,0.411291749351276,0.569001454705821,-0.202984628586644,-0.153783275191727,-0.188439285875291,0.52460804576997,-0.000492009901031596,0.0611035397480723,-0.0641292554734867,0.151937356221357,0.0211912203863094,0.106631295758138,0.00627512449514326,0.149650159088409,0.256259231992759,0.383010501920345,0.479246430344545,0.127027358625638,0.0216508963427515,0.0702169050130449,0.310164756965896,0.0805454484963461,-0.0749097362255584,-0.109873885517145,0.0556577272504146,-0.0310427439952973,0.207411968664886,0.0116994456203582,-0.0300387196796076,-0.0461137592286033,-0.116824472812037,-0.226064227642083,0.146154989583453,-0.0167654768176654,0.0805405210028369,0.41619304441138,-0.0866502996873754,-0.0372699796019118,-0.0616653872515018,0.0883226765795687,-0.00380884965545959,0.130823055920937,0.00165959824592133,0.214438361834994,0.442127363254043,0.603284944272054,0.913906067874143,-0.0233661599306856,-0.175751414875207,-0.182792368891675,0.159285586966833,0.139422793665904,-0.749590395167794,-0.184261966596113,0.305911307900391,-0.393406405457283,0.296608587027372,-0.0397411505616505,0.114063346547815,0.528755726771429,0.768378419899905,1.47481328574396,0.0765735250336437,-0.121586669269786,-0.174308616896041,0.3912884839643,0.00446515166944476,-0.214171331622686,-0.20623741575813,0.0405442789833558,0.0217000566225432,0.297949204063173,-0.000846677054172495,0.101619991953566,0.284129005674492,0.41496748188284,0.686244961481984,0.0751546552388877,-0.447930641122157,-0.733315946775565,-29597.7247225853
0.780130343697183,0.246723300596764,-0.0192262988648849,-0.111873936055339,0.0751833798840913,-0.0334016122977516,-0.0153614213639426,0.0249503253001747,-0.208300432592114,-0.298307741180832,-0.472951961107131,-0.704199230495437,0.0866805247203266,-0.18290002114684,-0.365804640872336,1.9261119895862,0.0292412979507852,0.0507500950500758,-0.117884514565015,-0.0405939978664019,-0.0342652704815013,0.159264460888832,0.00819862982001217,-0.176746111941804,-0.257215229117793,-0.330048332615402,-0.508834868272437,-0.110663249460196,-0.298966418293553,0.0414584057596872,-0.276666356914171,0.0688445060639413,0.157355345029084,-0.0414245364088813,-0.04340632286006,-0.0866230494751462,0.228643607891502,0.0179361387945582,0.0571891529930257,0.170495965452583,0.231969294199608,0.474841813826897,-0.0468386030736743,-0.0928581184459981,-0.00856760967288336,-0.495980198452102,0.0905601078405596,0.0682933180586777,-0.0979052748687101,0.0414475352743075,-0.136092769690837,0.0720065416084614,0.0277077696725315,0.169340101465918,0.226001266539357,0.411751458411131,0.569215835406946,-0.202589082210627,-0.153822386341188,-0.188173769941163,0.525109475131145,-0.000525623327874729,0.0610424203993967,-0.0638310239023672,0.151852166913149,0.0212593857825902,0.101735535762695,0.00627214329964283,0.148527535319218,0.256272564218986,0.383466286694732,0.479514941311,0.12664969693565,0.0216168119194313,0.0701509420245434,0.310692933834277,0.080535189094414,-0.0752113903675739,-0.109845892563453,0.0556679233260216,-0.0310241353868341,0.203007473036581,0.011691214491449,-0.0306334869556789,-0.0461314602080175,-0.116332102244862,-0.225482431933118,0.145823269682832,-0.0167745283197748,0.0803033081428125,0.416324768799608,-0.0864808889548832,-0.0377830144616512,-0.0615504682663034,0.0884697264322152,-0.00394880979833758,0.125954927794284,0.00165106586927065,0.213829530146427,0.441577757919211,0.603550957816052,0.913863910296907,-0.0233906624231401,-0.175808476303244,-0.183114410291438,0.159657046894375,0.139478483650275,-0.749667742422104,-0.184444947001902,0.305833667089814,-0.393481843678897,0.291933045034672,-0.0397401381671436,0.113187880085936,0.528175798461233,0.76926690488181,1.47485012766069,0.0763120158825282,-0.121376449629326,-0.173484772532864,0.390995989390667,0.00472717232593723,-0.214436209124523,-0.206112628527482,0.040374798892014,0.0215348446761258,0.29342755159228,-0.000851934547431574,0.102525543442169,0.283613830387249,0.415571128038639,0.686605253809611,0.0763491838109217,-0.448216443062069,-0.73460731998911,-29597.724619041
0.780304033488307,0.246803461077455,-0.0185675028671386,-0.112064685668617,0.0750714375795553,-0.033432838827855,-0.0137261566224239,0.0249466428422398,-0.208442690140275,-0.298454709174709,-0.472163054892938,-0.704545420629765,0.0868586700003507,-0.183171078384023,-0.365566086498133,1.92626565237151,0.0292758502966774,0.0516197404151876,-0.117984288754128,-0.040735236482222,-0.0341806558151859,0.160688029546768,0.00819319261938927,-0.176852292037477,-0.257436872781432,-0.329267734182295,-0.509114177808071,-0.110670961726681,-0.298665890200931,0.0414392237113245,-0.275819026390263,0.0686015536603673,0.158254210232259,-0.0414443094688492,-0.0432497879229513,-0.0868227030060719,0.230448079959436,0.017926812747812,0.0571196678757007,0.170161477154052,0.232770884115966,0.474667672113264,-0.0466900176448306,-0.0927502747478356,-0.00858440000800533,-0.496492774196001,0.0909730552951548,0.0689299468347585,-0.0982751818960789,0.0411002509643534,-0.136217007476424,0.0737800501939857,0.0277062165428172,0.168905427489013,0.226186512935371,0.412642932382755,0.569130105631788,-0.202861551539277,-0.153106049255732,-0.188361297882758,0.525464992755082,-0.000555474650592056,0.061913996264633,-0.0640123167072769,0.151751059588664,0.0211860157148483,0.103425539903978,0.00626575214546916,0.148873476180019,0.256258819156451,0.384345310340814,0.479653094993588,0.126832282285948,0.021637446142178,0.0700647770306369,0.311016268607857,0.0805074560711098,-0.0743108277441669,-0.109951070260954,0.0556435906529528,-0.0310062331336744,0.204172018065673,0.0116845240964786,-0.0310178199020559,-0.0463849356355005,-0.115665713468316,-0.226098703758969,0.145974331124403,-0.0166764409996932,0.080536304503547,0.416493703097324,-0.0863775948308161,-0.0370725625969208,-0.0618536756669983,0.0885336629396882,-0.00396994602948652,0.127704782290506,0.00164481937323616,0.213067863039181,0.441227803395142,0.603840177214218,0.913195841401653,-0.0235523334956192,-0.175673635070147,-0.182813328078235,0.160110910671786,0.139513907251037,-0.749078106684077,-0.184193514893462,0.305739225888326,-0.393456709851264,0.293352413537836,-0.0397367464174164,0.112695736656959,0.527626381098784,0.768578015118228,1.47405790908964,0.0760578231853365,-0.121854829900898,-0.174069635399237,0.391564138914393,0.00470171991608713,-0.213670373776504,-0.206443436393293,0.0404142245264075,0.0215513312113672,0.295013009338164,-0.000853078876571885,0.101093561513144,0.283575387605755,0.416045371297798,0.686057125188672,0.0753216368458865,-0.448168998726432,-0.733801298694742,-29597.7244166866
0.780556815156574,0.246794454722741,-0.0182027341041239,-0.112176442122504,0.0749298545484076,-0.0334634247967254,-0.00987082173954832,0.0249414417445994,-0.208188942080563,-0.298484316778468,-0.472199759752814,-0.705012974645433,0.0870968476746875,-0.182893819556603,-0.365354891970328,1.92647325202345,0.0294254438540692,0.0517514001049418,-0.118180945633273,-0.0407076908166179,-0.0344505421192461,0.165434629575542,0.00819091077675395,-0.177008611129682,-0.257688673763738,-0.329686598987781,-0.510172357486359,-0.11076227417879,-0.298927983484677,0.0415395078041675,-0.275544797541046,0.0685429898069748,0.158834686013854,-0.0415285827969895,-0.0434607696637706,-0.0867273953501614,0.234491971956568,0.017926470569736,0.0574289664093742,0.170146206798356,0.232722208660766,0.47414456689396,-0.0465380698452787,-0.0926282319792266,-0.00847581062365172,-0.496650899617837,0.0912231312921819,0.0689840348671611,-0.0986569827762528,0.0409322462893614,-0.136214230075895,0.0778964589987733,0.0277037740584685,0.169574465419314,0.225816088312144,0.412370915071726,0.568462096063721,-0.202696459727278,-0.153653067628924,-0.187740956179583,0.525652085247769,-0.00048537161016747,0.0620555601465768,-0.0643354487444192,0.151744134726923,0.0211248259042328,0.107215976887876,0.00626027412353689,0.148792361755268,0.256065466667058,0.38415852102852,0.478729449010309,0.126866111216379,0.0217204305105849,0.0705216378327301,0.311173807821287,0.0805013249896065,-0.073973844117244,-0.110039777413955,0.0555115108876117,-0.0311749823995706,0.20832833703097,0.0116840445538748,-0.0305356005678506,-0.0461043280467851,-0.115389041575955,-0.22612062959083,0.145983773893531,-0.0167573711660212,0.080606074092496,0.416779034138928,-0.0864948424138056,-0.0364249187405434,-0.0618675365821706,0.0880946607981099,-0.00395962154175498,0.131967585582238,0.00164794086753686,0.213869690387576,0.441771312840902,0.604532037914337,0.913455906751157,-0.0233312803174187,-0.175733242823236,-0.182694475155603,0.160372418960447,0.139482561669927,-0.74845678897162,-0.184627290642135,0.305661731163482,-0.393419649041296,0.297701350790206,-0.0397489749049108,0.112591945106945,0.527968141314639,0.769460031694565,1.47381291703715,0.0766123787933335,-0.12148914059069,-0.173973871941674,0.39217417633652,0.00451044601143805,-0.213205103353016,-0.206384135513949,0.0404239199238671,0.0215529556241526,0.299029317684707,-0.000865697208350417,0.101483151117651,0.283491549201672,0.41610160642087,0.685679557575743,0.075738292208755,-0.448012120639285,-0.733647335427937,-29597.7243676894
0.781096987605545,0.246886290150281,-0.0194745841020952,-0.112116269626088,0.0748493911236015,-0.0335746354837557,-0.00936688815355492,0.0249346615213047,-0.208021981044901,-0.29802666979121,-0.473095611240404,-0.704894657929034,0.0873822738665072,-0.182943366161511,-0.36554395142935,1.92677841878341,0.0294987276478086,0.0505862725418609,-0.11813304105873,-0.040931533668242,-0.0344560250574005,0.165266127650127,0.00818512296801272,-0.176571410425194,-0.25704329415003,-0.33032268201278,-0.509646253416972,-0.110251788023256,-0.298619995338522,0.0415577570369733,-0.275419002576314,0.0687601399959851,0.157400376796802,-0.0414409919632023,-0.0436202548522964,-0.0867244949322247,0.234716560409554,0.0179225805793492,0.0574553537921704,0.170463396846091,0.23167107368262,0.474034549968896,-0.0461877751231327,-0.0925881322999976,-0.00857440021365405,-0.496020437838413,0.0911348074715024,0.0680110839146095,-0.098317747528087,0.0407674969758628,-0.136160198754049,0.0782196785597034,0.0276971863197219,0.169362730091194,0.226452946881808,0.411626718733175,0.568582425614257,-0.202161466351372,-0.153234904697649,-0.187956645860599,0.525954464364446,-0.00035601133142344,0.0609453646137655,-0.0640105775124589,0.15153611057384,0.0210804321745352,0.107715679666692,0.00625830126551381,0.14880261779506,0.256372265049324,0.383121644687986,0.478730009283559,0.127293056143786,0.0217359268334273,0.0702318626023069,0.311263653946944,0.0806466405807926,-0.0752080119998186,-0.109959045793765,0.0554139798977166,-0.0311878566076642,0.208651219060049,0.0116809612915456,-0.0304387880316561,-0.0458019752812948,-0.116453971184444,-0.22625633588797,0.146441043527207,-0.0165655705801724,0.0806255158351891,0.417273078839701,-0.0864157439431012,-0.0377576386679688,-0.0617292303194794,0.0880470943506692,-0.00394339265042098,0.132118151084228,0.00163789675744967,0.213890563077397,0.44203693386408,0.603364692132635,0.913287309021046,-0.0228904733935489,-0.175524156126558,-0.182724265174452,0.160869100576856,0.139530354261882,-0.749962442620642,-0.184361985582657,0.305460392031508,-0.393564497776713,0.29777890034245,-0.039756025740014,0.113703827704827,0.528489353139254,0.768690098615847,1.47415065900106,0.0766481419079762,-0.121419859605167,-0.173423049715614,0.392915469732245,0.00443688511966625,-0.214331096137034,-0.206165958896711,0.0403208955500152,0.0215016645647602,0.299290191511485,-0.000869314112792119,0.101712436533459,0.284035097937036,0.41520981644008,0.68582267704033,0.0760458237109234,-0.448020109683844,-0.733899155238567,-29597.7242447411
0.781630792310716,0.246976881088255,-0.0195796390256215,-0.112291723642481,0.0746348383669923,-0.0335058412907507,-0.0125565417779298,0.0249274706631687,-0.208119182350293,-0.298453442033281,-0.472920108478921,-0.704522625594771,0.086907219560807,-0.182790713439324,-0.365516725978162,1.92732513932721,0.0295475807462562,0.050445202669148,-0.118243850905778,-0.041138203959168,-0.0342841283997398,0.162132456137624,0.00817744538017407,-0.176629201170465,-0.25752969086188,-0.330223213746913,-0.509347324373199,-0.110567412251197,-0.298587855575628,0.0415302491509308,-0.275063724501074,0.0689377268718456,0.157247161584163,-0.0417555814157201,-0.0437549655628265,-0.0868628275353801,0.231801509350074,0.0179138425718768,0.0574111075177613,0.170195783247534,0.231984874380769,0.474610797477392,-0.0466268039138459,-0.0924479024305882,-0.00841607004709826,-0.495100041723963,0.091125615102593,0.0677646367119698,-0.0985913430814203,0.0408069080913029,-0.136343793513284,0.0750380588582994,0.0276881004846556,0.169552984137843,0.225927078515255,0.41164208463645,0.569081838722857,-0.202743118762507,-0.153284501696389,-0.188101067056065,0.526265459149748,-0.000228348035278759,0.0606632489329138,-0.0644732306202255,0.151321737857091,0.0211533097001304,0.104729441334942,0.00624896654077987,0.149232195168867,0.256296247398052,0.383586604387269,0.47962089207951,0.126963401400844,0.0219787964559493,0.0703530126935649,0.311792395335004,0.0807469289399522,-0.0753656696491049,-0.110197128740982,0.0552458057992161,-0.0310597275050386,0.205761091744794,0.0116731931132905,-0.0306447972105026,-0.0464696260576226,-0.116516651212963,-0.22601294221168,0.146080614678079,-0.0164242421690417,0.0805991099025842,0.417869028646183,-0.0862159814186448,-0.0380756583786859,-0.0620910743558745,0.0880704906216967,-0.00408020060360407,0.129002975207609,0.00162770939803103,0.213568996453281,0.441289254381534,0.603182359953297,0.913351738510533,-0.0234265792007827,-0.175534961017054,-0.182868891619607,0.161278069289162,0.139658217652202,-0.749813234383532,-0.184568769167134,0.305247105674966,-0.393355520452638,0.294710474092887,-0.0397610321454093,0.1130513960729,0.528109859079725,0.768515505544717,1.47444065661202,0.0764413064245739,-0.1213879590685,-0.174186523241584,0.39316575891482,0.0046756156038318,-0.214547375264772,-0.206481248147258,0.0401222488672023,0.0215805465167016,0.296278994858842,-0.000875120165222533,0.101587575390574,0.283274727135103,0.415116492457716,0.685939066280322,0.0757810367656026,-0.447964178956594,-0.733909722903408,-29597.7241850808
0.782023629864751,0.24707247251859,-0.0189180134075768,-0.112690549734657,0.074529862886703,-0.0334117979534035,-0.0129132677696604,0.0249200619949068,-0.208131973839747,-0.298907298199432,-0.47249375074896,-0.704631001517933,0.0866743820565205,-0.182997888788623,-0.365598802552844,1.92787177457433,0.0296290106299409,0.0511691722595331,-0.118697185113851,-0.0412042486918311,-0.0343145903097303,0.161844979054436,0.00816901478637609,-0.176711591358714,-0.257853182880002,-0.329673655962583,-0.509350305535312,-0.110993483656581,-0.298724791768943,0.0414705181091993,-0.274520752952172,0.0690235821355281,0.157830535191349,-0.0421267622383223,-0.0439276363406848,-0.0866721511714918,0.231266244638164,0.0179054546460059,0.0574754573098284,0.169712125408064,0.232374962965915,0.474425913448361,-0.0469758948947181,-0.0926706433589611,-0.00863183270448948,-0.494649061576477,0.0911698622525702,0.0686368483990638,-0.0988560708024454,0.0406577269920718,-0.136145140339012,0.0746453991431409,0.0276793739596109,0.169196312249951,0.225499998358936,0.412204526833296,0.568810398995721,-0.203010279397988,-0.153354889501846,-0.188150948167025,0.526889774397574,-0.000150726780184694,0.061422233548247,-0.0646815173494724,0.151192547599296,0.0211832280537003,0.104210738200592,0.00624231510878369,0.148868676982099,0.255713718957865,0.383954505936708,0.479203914934273,0.126502561068389,0.0217356671798042,0.0702425765190929,0.312477801398683,0.0808606084017794,-0.0747389016544442,-0.110608488991261,0.055045649399489,-0.0310388390986916,0.205210267256655,0.0116622472511555,-0.0305615311627286,-0.0466742348241102,-0.11585145897848,-0.22601217684649,0.145666746672158,-0.0166697644600146,0.0804886180830107,0.418195819678776,-0.0861506541463576,-0.0373038376609226,-0.0623895798872259,0.087731064450091,-0.00383781887059139,0.128628039589596,0.00162241174314099,0.213753721439311,0.441076971708239,0.603920479713822,0.913487293787124,-0.023702528658733,-0.175638559195518,-0.182826282362824,0.161586658975344,0.139802865311592,-0.749467696757181,-0.185065078035232,0.305125656960728,-0.393426319588933,0.29440054097999,-0.0397637272624775,0.113156659600684,0.527450001960987,0.769092751145328,1.47437284867364,0.0760012521246244,-0.121378127893926,-0.173851088211221,0.39319917348731,0.00496164769598317,-0.214010591401301,-0.206943807354935,0.039791977781261,0.021611302066731,0.295922060945633,-0.000879586342646276,0.101701552137285,0.283136457431936,0.415796492006589,0.686048034525702,0.0753599578582656,-0.44802162792913,-0.733946557094557,-29597.724135458
0.782384042592036,0.247178758635346,-0.0195145812664711,-0.112514083706975,0.0743451280919096,-0.0334143309309224,-0.0100975708089667,0.0249122475331244,-0.208385483481156,-0.298242353646036,-0.472706177695123,-0.704856291796082,0.086979524716662,-0.183163805107575,-0.366007127857915,1.92839418719436,0.0297385690305976,0.0505478114324886,-0.11847767251977,-0.0413984190248114,-0.0343065028923035,0.164641671761189,0.00815952182130451,-0.176926933717929,-0.257416189686975,-0.330040133193591,-0.509712092860058,-0.110640654809786,-0.298987920964425,0.0409831597717655,-0.27385959727004,0.06907376741705,0.157364928754331,-0.041931127636033,-0.0441399289563401,-0.0867014451613096,0.234094146762686,0.0178952262775108,0.0571008307217129,0.170336506178278,0.232148714315602,0.474238998215131,-0.0465166307799284,-0.0928178232950783,-0.00893759069969988,-0.494432712563324,0.0913995297590564,0.0678548525715793,-0.0988068672483216,0.0403578283898272,-0.136114151622816,0.0775339508686015,0.0276733905525773,0.169209379584175,0.226159876831081,0.411914039702043,0.568637544195796,-0.202631815713185,-0.153724778294064,-0.1885109522217,0.527580280845028,-0.000106982720064109,0.0608428125906013,-0.0645122878447197,0.151048871001127,0.021194691771368,0.106956338924399,0.00623204155344571,0.148618016818357,0.256222829075055,0.383615180831131,0.478952837209459,0.126852596134709,0.0214243485403185,0.0697099191019225,0.313034531019849,0.0810041492934637,-0.0753775081511266,-0.110451436570182,0.0547870091173918,-0.0310734303382272,0.207949550128831,0.0116517234040582,-0.0307982489749951,-0.0460485404100321,-0.116060865998594,-0.226153718109188,0.146049944978622,-0.0168712780373343,0.080071517035218,0.418561764209463,-0.0860242538615277,-0.0378692414438541,-0.0622562308649713,0.0875733951167615,-0.00391300487115281,0.131513537803426,0.0016140262673107,0.213497925332975,0.441802366465961,0.603763176235947,0.913302290680132,-0.0233179426728446,-0.175859738609121,-0.183253392812565,0.162131569685793,0.139940989197677,-0.749819523495353,-0.184794875574008,0.305003212005732,-0.393460420911867,0.297155797607561,-0.03977467007241,0.112716011905984,0.527991548865075,0.768558522372636,1.47373469992475,0.076273373455938,-0.121933634681308,-0.174292585884958,0.393734149282493,0.00506504717165277,-0.214619329257638,-0.206833929660518,0.0396252363817131,0.0216068259864222,0.298685135255007,-0.000891314461738307,0.101443412880276,0.28382334869166,0.415625687888936,0.685872494473609,0.0757210208321834,-0.448273417192075,-0.734325327162607,-29597.7240659214
0.783004091483471,0.247301533357988,-0.0198803748487183,-0.112501207328839,0.074072432068393,-0.0334987616492938,-0.0113422223273818,0.0249032139337177,-0.208341507533701,-0.298422490184749,-0.472960357141238,-0.705066879767562,0.0870445666392877,-0.183112819495551,-0.365455128092814,1.92880879813591,0.0298993593506994,0.0501127725836427,-0.118539948543629,-0.0416823819586405,-0.0343429749065805,0.163494631452997,0.0081520356584591,-0.177024077840912,-0.257343699923388,-0.330171697767928,-0.509919534656523,-0.110627997838743,-0.298896455457498,0.0415838755765886,-0.273363236910493,0.0692297361149196,0.156841073264178,-0.0419688714767366,-0.0443729433754658,-0.0867862595260695,0.23292515213799,0.017886664795106,0.0573628378966626,0.170249066241505,0.231979141801869,0.474084396755146,-0.046670041406007,-0.0928395386741468,-0.00857211628829045,-0.493927152922679,0.0915640284930859,0.0675390319158614,-0.0987817525256981,0.0400992689953136,-0.136297980947284,0.0762053504115021,0.0276637404735676,0.169168747323187,0.226046290225929,0.411847466754768,0.568544832735825,-0.202753632079852,-0.153491481609391,-0.188002497156267,0.527999388334724,2.77667773015251e-05,0.0604303913313912,-0.0646072461915644,0.150805683154808,0.0211437978926414,0.105855402657771,0.00622230556281778,0.148726388157801,0.256266697747701,0.383486857451554,0.478835227977795,0.126944595540083,0.0216135091878966,0.0703808459429468,0.313346516839091,0.0810888722979713,-0.0757234882395388,-0.110442430586247,0.0546242628003906,-0.0311026708609652,0.206823415013993,0.0116459641145714,-0.030763249516586,-0.0461548387020236,-0.116299833478114,-0.226401903553733,0.146027451562979,-0.0168035421667957,0.0806309844903732,0.419258656032632,-0.08594990215132,-0.0383146227782163,-0.0622181602243812,0.0873823357671348,-0.00400377379644849,0.130188691211975,0.00160510892394572,0.213553543403428,0.441536247562391,0.603439819560784,0.913090596279493,-0.023393390871462,-0.175833797378039,-0.182767750796215,0.162763725442758,0.139980841658378,-0.750520590133155,-0.184985108400514,0.304781269689333,-0.393453372632678,0.295977172033205,-0.0397888844095071,0.112863733011338,0.528118356644972,0.768784204665777,1.47407441772933,0.076561703148941,-0.121570221662961,-0.173789256538225,0.394907850744697,0.00492293496851398,-0.214862918395741,-0.206647028812738,0.0396379575396598,0.0214762383338241,0.297438654573115,-0.000905916682905582,0.101341490871351,0.283491803833207,0.415263878204637,0.685536799087969,0.0756875337032403,-0.448186714778189,-0.733822097435837,-29597.7240444366
0.783719499955983,0.247421725587253,-0.0200221890896747,-0.112929875319144,0.0738497538635197,-0.0335329634898513,-0.0121917368343109,0.0248929617020756,-0.208429602286184,-0.298703964080304,-0.472838313569601,-0.704817495238275,0.0869746975837971,-0.182869052732062,-0.365252226635347,1.92928767948556,0.0300499647672938,0.0500202376427084,-0.118899620253782,-0.041920318151024,-0.0344118764938146,0.16252645503497,0.00814461257594002,-0.176924382056478,-0.257842790836648,-0.33013813927074,-0.509600399757479,-0.110621559797829,-0.298620918750521,0.0418275285252778,-0.272912317015021,0.0693543170009879,0.156862582925021,-0.0423275385312594,-0.044622789719129,-0.0867760412999804,0.232067244949814,0.0178804361106744,0.0570198429133765,0.169853679306344,0.231998947801058,0.474227937829117,-0.0464813222096244,-0.0924741959438562,-0.00814818510028169,-0.493200530034606,0.0916301676390546,0.0673050120465096,-0.0992293730554811,0.0399149871948455,-0.136198872967933,0.0755011841238131,0.0276535161476414,0.169159755975275,0.225678943554592,0.411707759410375,0.568655313871633,-0.202562677404259,-0.153298655982468,-0.187713692002664,0.52841834722363,0.000203510311942452,0.0603023748101938,-0.0649306663668877,0.150559779006649,0.0210926800742932,0.10498334344658,0.00621570945699522,0.148676278752455,0.255837630286866,0.38354560911602,0.479048367648475,0.126890239234576,0.0218592180083532,0.0705972078990299,0.31390245899059,0.0810615953497573,-0.0756386045831236,-0.110691960662685,0.0545708418997402,-0.0311641732049296,0.206016423490671,0.0116407366745448,-0.0309136488060243,-0.0465973068320461,-0.116282772902817,-0.226211053795221,0.146090803609328,-0.0165154792354421,0.0808804366501228,0.419909442550884,-0.0858516231576201,-0.0383295260041043,-0.0626076263178307,0.087150824243419,-0.00399765931168238,0.129386450615752,0.00159612259598193,0.213372283522997,0.441245119661836,0.603507359481303,0.913231440168606,-0.0232998965474533,-0.175519957363952,-0.182511232189765,0.163457044509302,0.140098223282204,-0.750270999819496,-0.18515406419563,0.304521060660206,-0.393518763873916,0.295068714859571,-0.0398006658644195,0.113077897969066,0.527809021250248,0.768787494090128,1.47410586847719,0.0763265448338555,-0.12132797635424,-0.173592919777354,0.395440412075833,0.00501348653187944,-0.214891912241088,-0.207046348901225,0.039399898257355,0.0214916009881448,0.296535731381634,-0.00091047954893782,0.101284958431068,0.283215749298621,0.415381458319524,0.68580846023139,0.0757101992033709,-0.448030249560486,-0.733651740846123,-29597.7240088979
0.7841332438405,0.247538409895249,-0.0203289225894715,-0.113072861736354,0.0737039926362188,-0.0334852411795432,-0.0105977040853988,0.0248855890018492,-0.2082331875519,-0.298560591844221,-0.472954449435728,-0.704850658026718,0.0869442242057433,-0.182944628576769,-0.365826572160921,1.92990935350117,0.030089816060859,0.0497463638543083,-0.119051637436187,-0.0420109525337371,-0.0343396351177314,0.164178735772258,0.00813562781248416,-0.176812616336023,-0.257598878685986,-0.330233813007143,-0.509683319261135,-0.110642575019502,-0.298735394783107,0.0411816501940837,-0.272300002000312,0.0693320353948204,0.156632192062535,-0.0424005205140948,-0.0446307413617577,-0.086747229756006,0.2336046746849,0.0178728748760247,0.0572941931389006,0.170022294162333,0.231886792802427,0.474198283255888,-0.0466732024397348,-0.0926502655759967,-0.00887454518311957,-0.492678031617456,0.0916923444403543,0.0671446840700884,-0.099302852019989,0.0398028067120777,-0.136234369935613,0.0769697400425775,0.0276467004441189,0.169266470547209,0.225873586215785,0.411717878513694,0.568687427406376,-0.202720440095607,-0.153427181658462,-0.188358831167495,0.528916931745752,0.000310212567953889,0.059996323839352,-0.0651361499876945,0.150395722368637,0.021153591602423,0.106546061291199,0.00620830585435677,0.148817579930138,0.25601613816914,0.38340822035206,0.479024673789898,0.126923962015443,0.0217728722336816,0.0700118328765588,0.314403255680871,0.0812780578335241,-0.0760767903325682,-0.110941978305429,0.0542946726726289,-0.0310743805238357,0.207530329535483,0.0116310992577423,-0.0306800667784007,-0.0464016236185328,-0.116383434219752,-0.226232411411099,0.146002876244495,-0.0166292296809879,0.0802466660567139,0.420348107811762,-0.085689063681027,-0.0387225726354719,-0.0627987397530421,0.0869715637072954,-0.00395364934699378,0.130972766457589,0.00158770025998801,0.213580855364264,0.441373277062265,0.603363023734216,0.913228191861904,-0.0233994230381872,-0.175644836524803,-0.183100628868768,0.163884739698942,0.140211133587907,-0.750689645100752,-0.185372343351004,0.304274767797345,-0.393389224578908,0.296687307818494,-0.0398003187097128,0.11296940982769,0.527865435198385,0.768507520542835,1.47407159749575,0.0763724875533389,-0.121551617497215,-0.174133100116132,0.395130212686383,0.0054314920882147,-0.215398063009429,-0.207328387795302,0.0389563898510256,0.0216362735161552,0.298229734990141,-0.000912146143257692,0.101567365670337,0.283428963471491,0.415287706025233,0.685812086909107,0.0757273331939572,-0.44798934610987,-0.734100671916338,-29597.7239680588
0.784431843280895,0.247632237059809,-0.0203871639559997,-0.113009777578051,0.073593165781475,-0.0333831942695251,-0.0120181468572497,0.0248788509212029,-0.208102505174842,-0.298667862699854,-0.472859062853997,-0.704998155024262,0.0863764841050558,-0.183395138261084,-0.365969518822468,1.93044270794641,0.0301874342930605,0.0496514877341461,-0.118980164796156,-0.0421669868585331,-0.0342613689858848,0.162708452479006,0.00812581632879555,-0.176674483340909,-0.257728577691935,-0.330123294821577,-0.509802213457611,-0.111294894670903,-0.299174906504384,0.041079342507373,-0.271995645550963,0.0696467130877188,0.156328557051274,-0.042503494605609,-0.0449625585187448,-0.0866481889299509,0.232194379508536,0.0178618951271432,0.0574358128958131,0.169924824581951,0.231997417825661,0.474061773834597,-0.0471859896835594,-0.0930378730477755,-0.00892084006488683,-0.492410049270808,0.0918921217099275,0.0669499105589512,-0.099320033655357,0.0395846268528139,-0.136084523654699,0.0755932950639383,0.027638969036593,0.169400589474316,0.225681398189931,0.411722331542197,0.56843906528467,-0.203259484765542,-0.153794539007969,-0.188475950084102,0.529554414289446,0.000384196096548175,0.0599228234454363,-0.0650485074266255,0.150248374765899,0.0212422111203797,0.105082784898716,0.00619813050898277,0.148959299462921,0.255918401232114,0.383537592567187,0.478857836204172,0.126198803345974,0.0212663711822198,0.0697899684209141,0.315133074185095,0.0816157123288412,-0.0764561159086214,-0.111085395183128,0.0538619835966622,-0.0309949131118317,0.206125071185226,0.0116151938630251,-0.0305550454216997,-0.0465126760312993,-0.116288820008697,-0.226397354660942,0.145418791015563,-0.0170566888316891,0.0801507237481976,0.420568717061393,-0.0855203996615555,-0.038836309832738,-0.0627778257810036,0.0867840648172157,-0.00385154861705736,0.129578824160578,0.00158035746787904,0.213769390379305,0.441315305003797,0.603539871305122,0.913105868494025,-0.0239627069818563,-0.176064456016591,-0.183221618141415,0.164186421628926,0.140409828448175,-0.750848518932156,-0.185346291566062,0.30412024397377,-0.393366408435988,0.295252830099539,-0.0398076956029212,0.113041865312697,0.527717938033248,0.768626675427718,1.47383108986431,0.0756860539395965,-0.121954695322784,-0.174433214979704,0.396268069681158,0.00536616981715337,-0.215435626646814,-0.207235085799524,0.0389540186778151,0.0216526035809176,0.296770796838355,-0.000928191425202689,0.101637077612876,0.283257869368675,0.415340951896321,0.685599005804514,0.0750970530007007,-0.448522384935395,-0.73438169097934,-29597.723965038
0.784625920109927,0.247679579617112,-0.02043386357361,-0.113166455580303,0.0734755712871509,-0.0334045009456445,-0.0116366895304054,0.024876666927852,-0.208559744410883,-0.298570263228286,-0.472984934862956,-0.704862513038051,0.0868777336770896,-0.183184824837859,-0.365893144799562,1.93048777484708,0.030293735738768,0.0495748321301538,-0.119201063812782,-0.0423026680987658,-0.0342751481475194,0.163190403621558,0.00812494939854398,-0.177164507797927,-0.257646025116988,-0.3302849572476,-0.509709119550147,-0.110712801636422,-0.298984996519422,0.0411167361707335,-0.271716922861316,0.0696791785440765,0.156273033477744,-0.0426655025353244,-0.0450554962143483,-0.0867115834918439,0.232618972017693,0.0178588224729977,0.0570193147669803,0.170045454597634,0.231897422369288,0.474254726098767,-0.0467139348620661,-0.0928618467324934,-0.00888237352071737,-0.492127295853389,0.0918923884035664,0.0669669120885486,-0.0994352484338334,0.0395171141728165,-0.136173906331774,0.0759676716355723,0.0276362791972199,0.168948828829592,0.225852576841879,0.411712711589685,0.568679883552311,-0.202814716851936,-0.153654877374085,-0.188430409477832,0.529681873782658,0.000435070960139097,0.0598706640496914,-0.0652226938529716,0.150159507013784,0.0212094532020335,0.105524182756894,0.00619588577942816,0.148491679329488,0.256011083208686,0.383416781336726,0.479012424258191,0.126787597374548,0.0214816192552977,0.0699036187490556,0.315405607304168,0.081441324186679,-0.0762845603641088,-0.111101375810202,0.0539897357882302,-0.031055861394543,0.20648255543013,0.0116148709016144,-0.0310060070765413,-0.0463811334145684,-0.116366100071876,-0.226203085652318,0.145894207026576,-0.0169146870687248,0.0801421378612355,0.420924788514383,-0.0855519479544972,-0.0388404163475823,-0.0628943489367461,0.0867430036116719,-0.00390559026062042,0.129940613932853,0.00157747547667847,0.213301207505268,0.441391432145006,0.603409836596241,0.913253939306497,-0.023489133275652,-0.175890637945481,-0.183175768506862,0.164323783274087,0.140440110235257,-0.750914385488426,-0.185548126458243,0.304110828668479,-0.393407045916101,0.295680895788579,-0.0398124307831429,0.112648144559385,0.527745826259413,0.768475416601455,1.47399667766864,0.0762597699010645,-0.121733692546045,-0.174146289968653,0.396449214794132,0.00541037198063371,-0.215483187526313,-0.207393029293108,0.0389060994988819,0.0215881232615258,0.297195035990838,-0.000931149406517378,0.101148122625465,0.283348599265367,0.415218520934685,0.685729346198659,0.0755436397106528,-0.448329171944984,-0.734283723570475,-29597.7239362065
0.784897448889035,0.247737966457603,-0.0205309923654585,-0.113145278627456,0.0733630269755433,-0.0334999300002331,-0.010890779127703,0.0248722511852522,-0.208540341356829,-0.298775259625535,-0.473046887041519,-0.70510669579936,0.0869693736172021,-0.183010016338651,-0.36548550962978,1.93067491428467,0.0303060370633679,0.0495180488696232,-0.119102599608775,-0.0423876231752845,-0.0343651329524512,0.163786900305522,0.00812160495646889,-0.177074702882424,-0.25777877971743,-0.330252366143982,-0.509871195506601,-0.110724111332095,-0.298761405576315,0.041592335926515,-0.271370696080147,0.0695803169466326,0.156344584448709,-0.0425394296220815,-0.0450432233517787,-0.0867670486177623,0.233340136483481,0.0178557910324617,0.0570059678019703,0.169830568069341,0.231831881071687,0.473967107730345,-0.04661359531388,-0.0926845883233908,-0.00849968362190478,-0.491895253493559,0.0919035002427823,0.0668963923653395,-0.0994137161130956,0.0394475243519348,-0.136216612136342,0.0767063179317031,0.0276324281921911,0.169007997102252,0.225657477615324,0.411601612786462,0.56841038298554,-0.202685660569991,-0.153439230633705,-0.18800123206146,0.529798312854571,0.000483771122841527,0.0598038189475271,-0.0651841975649349,0.150081349894821,0.0211238323922843,0.106261424307303,0.0061937832709319,0.148511016137364,0.255800769897445,0.383337596509966,0.478753446655915,0.126841917738267,0.0217084580151093,0.0703392519852543,0.314991690282223,0.0814763146631079,-0.0762507959545026,-0.110989089725471,0.0539884323876973,-0.0311123837492064,0.207271567968563,0.0116192871723518,-0.0309679536787332,-0.0465665428647591,-0.116415683302944,-0.226455830883421,0.146039046841028,-0.0166460161753744,0.080665598001416,0.421172314713251,-0.0855312757588442,-0.038879920939174,-0.0628530567162255,0.0866673275319792,-0.00399116375208739,0.130629625960311,0.00157380946326456,0.213305145350014,0.441210858160802,0.603346659058585,0.913002567192304,-0.0233665821819278,-0.175695054024279,-0.182761105256194,0.16461217525177,0.140413703844232,-0.750928342961527,-0.185494446109578,0.304072133101117,-0.393507820895417,0.296339748072472,-0.0398182665773584,0.112789361226576,0.527797091994377,0.768599779799468,1.47388443191289,0.0763865002072828,-0.121596230112483,-0.173853999239234,0.396249573684339,0.00553880728327634,-0.215568463862701,-0.207390232977459,0.0387320875570283,0.0215080083632832,0.297839585227721,-0.000930474571285857,0.101285331091157,0.283273106900127,0.415285850681741,0.685636451565209,0.0757423102009485,-0.448044285827764,-0.733789282895323,-29597.7239330262
0.785288049166859,0.247780128457737,-0.0207264879095927,-0.113233124280264,0.0732501451104679,-0.0335088989514431,-0.0115418508506032,0.0248661075115355,-0.208358681771266,-0.298688254289663,-0.472909218062779,-0.705012894272519,0.0867886997571072,-0.183030085762729,-0.365605672933738,1.93097129245178,0.0303513849428228,0.0493656185467164,-0.11922629578345,-0.0424486293422216,-0.0343846296582341,0.163273045675462,0.00811735952929713,-0.176951606923237,-0.257778794438128,-0.330229353785078,-0.509865212666951,-0.110726594402861,-0.298841784865904,0.0413835154745295,-0.271428159840517,0.0696764267361184,0.156168957326911,-0.0426015844027834,-0.0451465936756685,-0.0867824425197834,0.232685369930761,0.0178553805197546,0.0571934754184874,0.169910558880391,0.231961149315781,0.474094993909131,-0.0467671081390183,-0.0927023726527696,-0.00858109437299266,-0.491695575218351,0.0920178573390817,0.0666557759722624,-0.0994862967664979,0.0392934407000268,-0.136245007935886,0.0760735554472508,0.0276280782397688,0.169177610565739,0.225712020296272,0.411779442778194,0.568528347533213,-0.202836781077637,-0.153505254599098,-0.188131042268927,0.530061236862908,0.000539185388694207,0.0596138388338564,-0.0652610023007665,0.149962574534887,0.0211276079536798,0.105602572168701,0.00618850879558906,0.148721536408363,0.255901190993917,0.383486086011872,0.478870343597943,0.126773032825947,0.0216612980318945,0.0702014529673206,0.315297569543313,0.0815362198095224,-0.0764375589164702,-0.11108648715979,0.0538727375427993,-0.0311234053438489,0.206603210650859,0.0116147030510443,-0.0307908039982529,-0.0465229667587167,-0.116313401161349,-0.226367815812679,0.145888495965881,-0.0166984050364616,0.0804857793317333,0.421257894707934,-0.0853755418147724,-0.0391639579126749,-0.0629709419246404,0.0864653941028501,-0.00396678766019011,0.130077232590897,0.00157029293196184,0.21351487823671,0.441257327063965,0.603455085793213,0.913092930141594,-0.0235343691731013,-0.175690497266162,-0.182844845081715,0.165003431042228,0.140465822324498,-0.751099219646377,-0.185488559391599,0.303900491680426,-0.393448751863836,0.295789316707093,-0.0398240382862949,0.112875768541156,0.527631506009137,0.768538344455546,1.47386557788281,0.0762099207047472,-0.121490624363008,-0.173878701566294,0.396535481829638,0.00555693602056866,-0.215723571478453,-0.207420741453768,0.0386613624102455,0.0215622837387925,0.297281080826033,-0.000933999464191016,0.101403418340946,0.283256668268874,0.415313511320676,0.685595423091782,0.0754859242360124,-0.448145086625797,-0.733939923251243,-29597.7239281393
0.785414778387563,0.247847073695059,-0.0208665600604429,-0.113375442670121,0.0731749720202257,-0.0334563039407089,-0.0114837683427533,0.024863752180785,-0.208311614872073,-0.298524487227486,-0.472924580121699,-0.704838910288209,0.0867979356880451,-0.183169644036001,-0.365911954445518,1.9311811387111,0.0304321549435456,0.0491641208855106,-0.11935680797506,-0.0425744825351503,-0.0343172395139371,0.163301055442427,0.00811353336995672,-0.176893688726909,-0.257584769203795,-0.330192561854898,-0.509661196748411,-0.110871414721812,-0.298938381500411,0.0411405300995034,-0.271229806402666,0.0697549913278376,0.156003204739577,-0.0427716945586487,-0.0452514864028058,-0.0867066262712092,0.232741469142784,0.0178517602623469,0.0572354704036854,0.170083193164742,0.231943957130528,0.474227049778797,-0.0467790439833365,-0.0928224216835206,-0.00890329868513073,-0.491458200187645,0.0920667379739554,0.0665244356352637,-0.0996692636224839,0.0392205187764842,-0.136173543007732,0.0761308432774312,0.0276243312461153,0.169198394293838,0.225883709075639,0.411688198160672,0.568648143488305,-0.202872162641735,-0.153576121766818,-0.188403272888888,0.530305845192755,0.000611864898845601,0.0594471214922902,-0.065426684775948,0.149861141142667,0.0211783310951507,0.105668341569499,0.00618506870893659,0.14875604502166,0.256062806451032,0.383465982964408,0.479031390870787,0.12666465981039,0.0215349558367009,0.0699150569489666,0.3159924714035,0.0816031067269692,-0.0766886444360986,-0.111278862310288,0.0537039326105483,-0.0310642390515322,0.206663540882015,0.0116048637374813,-0.0307752878162635,-0.0463565866091823,-0.116339615116824,-0.226220979151107,0.145816045202148,-0.0168637766821173,0.0801692242704535,0.421634190106505,-0.0853699987022254,-0.0392616829906811,-0.0631084575345148,0.086426824694126,-0.00392885665268521,0.130091658848727,0.00156595364882104,0.213498539846445,0.441424814659509,0.603419969047712,0.913234252600563,-0.0235569081371377,-0.175866621612426,-0.18319345872791,0.165279358301232,0.140568003145177,-0.75130431224147,-0.185726953705633,0.303726260369546,-0.393404345285101,0.295811581040967,-0.0398246984536973,0.112888608633131,0.527899206823416,0.768614476516787,1.47403831168284,0.0761411251391465,-0.121767161514549,-0.174292412012464,0.396926161683005,0.00557219460017419,-0.215851046828051,-0.207567735428029,0.0385834215312013,0.0216022188050667,0.297312922468767,-0.00093883104238176,0.101416743418936,0.283407782842476,0.415287338762178,0.68577847182962,0.0755419544601054,-0.448269239989204,-0.734278846101413,-29597.7239168898
0.785361853114552,0.24787088548835,-0.0207826323134826,-0.113351425761824,0.073163311267631,-0.03344286659645,-0.0113546515034965,0.0248639058756103,-0.208407038769894,-0.298689451940519,-0.473004649445937,-0.704952276857206,0.0867368558391436,-0.183147420631185,-0.365730451508459,1.93125069487081,0.0304527241523708,0.0492545322349221,-0.119346239015031,-0.0426066140459344,-0.0343061317136968,0.163415961425882,0.0081119623687482,-0.176970600832766,-0.257729164233068,-0.330280693485872,-0.50976878730265,-0.110852425663633,-0.298943940974928,0.0412843034706143,-0.270871600613561,0.0697633667024211,0.156037237257737,-0.0427758844375682,-0.0452940557496143,-0.0867208640637434,0.232889824926065,0.0178465153178291,0.0571263710663241,0.169891289747853,0.231851271202091,0.474125986054114,-0.0468404922065017,-0.0928432037942866,-0.0087419079226905,-0.491345547589766,0.0920447923119055,0.0666361149611354,-0.0995990905267566,0.0392217919951191,-0.1361820547419,0.0762436677868901,0.0276235097685703,0.169122597453768,0.225718892743533,0.411680746078705,0.568580190557254,-0.202888697394385,-0.153646884261167,-0.188298173381039,0.530382850016686,0.000624415045270323,0.0595422737214608,-0.0654008085166042,0.149847645223667,0.0211774214632083,0.105780025024667,0.00618410147047946,0.148622744081445,0.25587030819012,0.38335904866556,0.478896835754953,0.126695570316977,0.021531054864427,0.0700557267853106,0.315945375583849,0.0816685977831688,-0.0766361190087835,-0.111288548472035,0.0536555579497885,-0.0310692424591666,0.206782711898093,0.0116042238163724,-0.030846993190449,-0.0465127781773717,-0.116405665797845,-0.226309174677933,0.145790712633467,-0.0168464181386525,0.0803309162656195,0.421765940227378,-0.0854088762546898,-0.0391522715170625,-0.0630543113694002,0.0864558828858118,-0.00393369946006285,0.130217287045522,0.00156376368301871,0.213448030895807,0.441268415650718,0.603378464666194,0.913162033749549,-0.0236009002882846,-0.17585212129721,-0.183020776780164,0.165146716962741,0.140612722282888,-0.751214071544858,-0.185701955751013,0.303748023909848,-0.393433904267684,0.295920957493515,-0.039826420094161,0.11287314082192,0.527782768112782,0.768488704487051,1.47399700507038,0.0761761984652953,-0.121696239315567,-0.174054829274171,0.397053985505429,0.00560961852757848,-0.21581480543339,-0.207564942365385,0.0385521264968773,0.0215813474723411,0.29743856021674,-0.000942002840632661,0.101349920219593,0.283285172569805,0.415248244393403,0.68570808311299,0.075447512430977,-0.448255178398545,-0.734079683292431,-29597.723914255
0.785487740936026,0.247871151891668,-0.0208183441475177,-0.113333166875793,0.0731450580227528,-0.0334398394447822,-0.011285505901732,0.0248624525665144,-0.208569006308298,-0.298796827389332,-0.473125268937665,-0.705075247541056,0.0868631675034048,-0.183083409376484,-0.365725667617505,1.93137077821258,0.0304645326979028,0.0491992131647031,-0.119348763319561,-0.042615067906509,-0.0343213078777216,0.163457191218919,0.00811070777711626,-0.17716351997501,-0.257885111780539,-0.33040127189761,-0.509895125507371,-0.110781786706408,-0.298863093209247,0.0413107762241337,-0.270669459743764,0.0698311166612067,0.155901038024876,-0.0428126783387627,-0.0453795674429417,-0.0867437253451502,0.232930538404994,0.0178428598864098,0.0569676683168863,0.16980200504114,0.231737457205647,0.474002676597445,-0.0467427793329149,-0.0927531173511742,-0.00871847512101065,-0.491295132963698,0.092087769786367,0.0665615774576002,-0.0996213996239613,0.0391928278407459,-0.136190284667377,0.0763111821950013,0.027622000710599,0.168940040278591,0.22562739156656,0.411503332184047,0.568434726418107,-0.202851101814994,-0.153494891847728,-0.18820637975552,0.530480757923366,0.00063366463071308,0.0594731164950833,-0.0653842980048079,0.149828474342721,0.0211817413282699,0.105865852214036,0.00618212821245781,0.148510801924443,0.255791170353402,0.383287123936368,0.478814175077168,0.126710992044741,0.0216118216296007,0.0700910982428973,0.315908840211753,0.0816629537959727,-0.0766449282838863,-0.111250530003644,0.0536769694500091,-0.0310715283639777,0.206846134637937,0.0116048496536177,-0.0310242875203037,-0.0466290529408067,-0.116526550475605,-0.226444082775975,0.145911921167466,-0.0167508880439135,0.0803894387007139,0.421680773179936,-0.0853343010706051,-0.0392305422311535,-0.0630664548687096,0.0863953227506956,-0.00392835394038725,0.130273625480016,0.00156418863750414,0.213280021905778,0.441182298611513,0.603264258838423,0.913034337029745,-0.023496456046323,-0.175762214351173,-0.182987253532103,0.165170698063348,0.140605621958423,-0.751273954762117,-0.185671156369297,0.303772240896116,-0.393408386039483,0.29599792710751,-0.0398263202912908,0.112672026547473,0.527554976085315,0.768435687717244,1.47379689661416,0.076195143589805,-0.121626920357633,-0.174036263980983,0.397110300977643,0.00568382662437747,-0.215916881659929,-0.207607053893312,0.0384882646212873,0.0215843934849346,0.297516395532798,-0.000943510418071433,0.101181915575736,0.283138827608365,0.415092516099629,0.68553667488851,0.0755843858939875,-0.448201273140923,-0.734101959054717,-29597.7239132155
0.785724456046024,0.247904209935073,-0.0208960690382428,-0.113398012963665,0.0731006958702,-0.0334354554341423,-0.011468266365302,0.024858982062038,-0.208583204079047,-0.298802402416955,-0.473134035191532,-0.705117576096237,0.0868247542383689,-0.183134277471893,-0.36576510758745,1.93144035425485,0.0304877357552029,0.0491565178842305,-0.119365819732334,-0.0426488290438211,-0.0342956802796867,0.163311316953646,0.00810920520906968,-0.177138458656783,-0.25781488601103,-0.33039341516597,-0.509927818494213,-0.110796328192414,-0.298913588990017,0.0412784485923448,-0.270799402610481,0.0698648801038239,0.155898362907364,-0.0428553712784357,-0.045389607794659,-0.0866870131816232,0.232786823574583,0.0178442123191319,0.0569763560539858,0.169790118342671,0.231726983997996,0.473958079717431,-0.0467315338458803,-0.092801191350045,-0.00875223797846853,-0.491177912098934,0.0921396973729851,0.0664891106480713,-0.099685906766923,0.0391220435187722,-0.136145532442259,0.076147713946137,0.0276199576553134,0.168941827637126,0.225573740575427,0.411531434315794,0.56838123942046,-0.202770599762941,-0.153580048629066,-0.188310869538071,0.530601861632035,0.000668919759241545,0.0594383591117517,-0.0654474443713048,0.149792098646747,0.0211973785972239,0.1056874486213,0.00618082738944409,0.148459770874502,0.255777824983262,0.383233053198301,0.4787272586735,0.126752058770059,0.0215550628176827,0.0700409453221195,0.315953966579398,0.081650420360419,-0.0766401274492908,-0.111262126739426,0.0536947627218494,-0.0310506574308076,0.206686897033088,0.0116045463745525,-0.0310033647223014,-0.0465982122872208,-0.116512191497478,-0.226464118115203,0.145882776257079,-0.0168121962438929,0.0803244824888004,0.421788726634701,-0.0852651965922247,-0.0393189293651631,-0.0631591897370285,0.0863256820014043,-0.00390733457456558,0.130106467568572,0.00156210720090824,0.213286210251925,0.441158081601832,0.603242090382687,0.912983273920043,-0.0234953188875469,-0.175808685708549,-0.183018440115998,0.165383853812429,0.140589313456365,-0.751245253887634,-0.185723336583494,0.303785237977058,-0.393432438906085,0.295821032635725,-0.0398283447469316,0.112618968373371,0.527654298593691,0.768340710401326,1.47379671491274,0.0762435213240342,-0.121711156732453,-0.174109731146915,0.397169635788961,0.00568692069086307,-0.215932654048219,-0.207622526546196,0.038467893885628,0.0215980319080835,0.297328178116992,-0.000944010290454574,0.101178935444424,0.283180995415642,0.415117466861169,0.685543007359695,0.075552505288164,-0.448199330673147,-0.734082119184582,-29597.723912948
0.785712009327146,0.247926198310132,-0.0209344299243162,-0.113413591494293,0.0730677253913854,-0.0334379640988778,-0.0113822413855405,0.0248586329426735,-0.208497550203956,-0.298757028543257,-0.473078624578907,-0.705081312316445,0.0867682271664156,-0.183165026705554,-0.36577333929603,1.93145011204812,0.0304982320205577,0.0491272864474144,-0.119395236155279,-0.0426629329701986,-0.03429897517006,0.163388540474398,0.00810887526280273,-0.177070122404727,-0.257817715676006,-0.330338243011755,-0.50989378914822,-0.11085217211656,-0.298940334286209,0.041260643281062,-0.270812558239805,0.0698201099866201,0.155928037458565,-0.0428064336416982,-0.0453554022086071,-0.0867054282841756,0.232844483802939,0.0178452580543007,0.0570466284473553,0.169845567935415,0.231784964170097,0.473998060523989,-0.046809468606394,-0.0928276016440298,-0.00875866052635829,-0.491126827371961,0.0921269500654182,0.0664698339970558,-0.099678228637438,0.0391250937286671,-0.136170592277453,0.0762157163278821,0.0276192638596204,0.169035357774683,0.22568663316459,0.411575479749637,0.568446794778734,-0.202919300809857,-0.153622943529479,-0.188280824822927,0.530606554633627,0.000678253062634748,0.0593958924256724,-0.0654513536100114,0.149772427591631,0.0211870154299759,0.105749281065349,0.00618021176811952,0.148551200272063,0.255813724171255,0.383309758872283,0.478788653338319,0.126687224164241,0.0215354310219164,0.0700398070722038,0.31601890150356,0.0816775159610992,-0.0766990531554052,-0.111289552376613,0.0536472270782204,-0.0310539081385055,0.206751399734379,0.011603270619911,-0.0309402245898786,-0.0465727652273728,-0.116468654330664,-0.226436516982881,0.145819674081884,-0.0168454676417277,0.0803180286563298,0.421942684470254,-0.0853038323805224,-0.0393268381759317,-0.0631308206337868,0.0863316466351918,-0.00391702351869916,0.130198499834983,0.00156048942712032,0.213332424960005,0.441206008823171,0.603289965930737,0.913016697715849,-0.0235771899946332,-0.175856541974933,-0.183045609118549,0.165433181550693,0.140610522342443,-0.751349592687596,-0.185716386905636,0.303733993349695,-0.393409255708587,0.295901348456975,-0.0398302864919341,0.112748533399356,0.527668184725493,0.7684555609242,1.47381652375123,0.0761828440507266,-0.121722472709607,-0.174123854649824,0.397175677811875,0.00567228265576003,-0.215932350310576,-0.207615274634517,0.038477281702308,0.0216022239463792,0.29740144094784,-0.000944234553207961,0.10127078983402,0.283215089246103,0.415180991763387,0.685572771791726,0.0755065663519787,-0.448265858157156,-0.734128426433787,-29597.7239092297
0.785707618651308,0.247925499659535,-0.02093865308754,-0.113412130284601,0.0730658274949125,-0.0334368640172624,-0.011378119018111,0.0248587481694666,-0.208499151802169,-0.298749601783139,-0.473074427208896,-0.705072391951852,0.0867731979757773,-0.183160392008335,-0.365773263394529,1.93145690885957,0.0304993412153617,0.0491229349236738,-0.119388846366274,-0.0426640685025159,-0.0343062684038971,0.163393638204656,0.00810889468492256,-0.177073513514306,-0.257805262837159,-0.330357724162184,-0.509894275859137,-0.110846480898029,-0.298946310541726,0.0412636709845859,-0.27080338830785,0.0698188242821111,0.15592618476107,-0.0428111073958943,-0.0453537889416213,-0.0867093973055907,0.232850130427779,0.0178450545844941,0.0570496426918916,0.169852037238388,0.231805063559944,0.474017013610909,-0.0468017918294765,-0.0928379153851199,-0.00877384497133085,-0.491126024093754,0.0921255428362455,0.0664678886736771,-0.099683091838556,0.0391257324260207,-0.136173377382774,0.0762348509281267,0.0276192467140927,0.169027746304761,0.225644606870008,0.411588949859145,0.568444664770749,-0.202864808812587,-0.153587898543947,-0.18829917889456,0.530604532860904,0.000677946456552716,0.0593929840728363,-0.065449101964162,0.149771423106073,0.0211907433877966,0.105785016921191,0.00618001880007452,0.148578789881657,0.25583934874162,0.383313935685107,0.478801876397067,0.12665202328827,0.0215300533982854,0.070040206417266,0.31602582819051,0.0816796901861591,-0.076706236764139,-0.111289811813665,0.053643283279713,-0.0310561557976721,0.206773145555051,0.0116030981671385,-0.0309382576082907,-0.0465719340608586,-0.11647186467509,-0.226433448084828,0.145824664657654,-0.0168383351424957,0.0803247141072363,0.42194501086221,-0.085305406150848,-0.0393258369117843,-0.0631358588372576,0.0863328051784986,-0.00391883123573436,0.130183404909318,0.00156052139714512,0.213349571643907,0.441199571168766,0.60329483030454,0.91302151221779,-0.0235796214843518,-0.175850748114445,-0.183049795329482,0.165430227321743,0.140613358253344,-0.751293882648382,-0.185726720492442,0.303726875107199,-0.393408133247534,0.295916198812389,-0.039830142108673,0.112751591742582,0.527640070577159,0.768452340475936,1.47382736526107,0.0761000365320884,-0.121710201493444,-0.174071269457036,0.397177630399591,0.00567444517562027,-0.215946661642715,-0.207618414977187,0.0384775126636202,0.021601278042118,0.297419354377323,-0.000944213348132812,0.101261035854157,0.283212559465946,0.415164125470594,0.685570552152578,0.0754871404703126,-0.448255658934429,-0.734117270991058,-29597.7239091792
0.785706538485739,0.247924810474521,-0.0209353220391596,-0.113412275847827,0.0730663011765042,-0.033437196043474,-0.011372048234312,0.0248587848115305,-0.208495073379907,-0.298751153963524,-0.473076631736608,-0.705069364441014,0.0867687770969029,-0.183157039138941,-0.365770739107705,1.93145966670283,0.0304993652023641,0.0491216371527778,-0.119389321808977,-0.0426651187793225,-0.0343078679187333,0.163392881881823,0.00810887822122387,-0.177073092581794,-0.257807263495124,-0.330348952156588,-0.509887655489989,-0.110852054196139,-0.298939749195438,0.0412632348650286,-0.270799606666117,0.0698195196554958,0.155922835718518,-0.0428123105209104,-0.0453543222487498,-0.0867116131102922,0.23285849181106,0.0178449372253357,0.0570561063421154,0.169853646350896,0.231799690531533,0.474018567041328,-0.0468049087635993,-0.092829814091762,-0.00876670555433544,-0.491126834367557,0.0921259279827717,0.0664701178408555,-0.0996800787555871,0.0391259661925,-0.136170613845248,0.076233982794318,0.0276192241173933,0.169021022549348,0.225655383159272,0.411577931258428,0.568444153870185,-0.202873682152567,-0.153596713301744,-0.188293591365379,0.530605585062371,0.000677621840855886,0.0593927059514443,-0.0654495696968562,0.149770468743796,0.0211904396477706,0.105778284103476,0.00618003497756848,0.148567993109313,0.25583705845962,0.383322228280119,0.478802868271585,0.126674332987824,0.0215324114913706,0.0700325492154015,0.316030960334995,0.0816803453212252,-0.0767059799135757,-0.111292096315741,0.0536416824186246,-0.0310582429013432,0.206774444302086,0.0116030666537281,-0.0309376231307699,-0.046570521203964,-0.116470360405918,-0.226428295669058,0.145825202205742,-0.0168349312577751,0.0803216608678841,0.421941248715844,-0.0853049147240723,-0.0393270211032844,-0.0631343511995273,0.0863325362990675,-0.00391849923544663,0.130199108819346,0.00156050447012418,0.213345371421299,0.44120263019714,0.603292753058298,0.913025977931358,-0.0235749737974538,-0.175849427793357,-0.183048220065281,0.165429089751177,0.140615077488717,-0.751325615447515,-0.18572553462972,0.30372450798722,-0.393408581331092,0.295913528477451,-0.0398300547797075,0.112737629009761,0.527670008931083,0.768438758959601,1.47382994028483,0.076166616035841,-0.121718746683713,-0.174115689292905,0.397180010710032,0.00567543077051125,-0.215944012016376,-0.207617584202782,0.0384763792990513,0.0215984658618402,0.297421953850876,-0.000944197226708893,0.101259775663625,0.28320788483332,0.415163851022153,0.685570478203824,0.0754949322322775,-0.448256444904602,-0.734121520283335,-29597.7239086317
0.785705237429091,0.247924036706906,-0.0209336302493437,-0.113409436473885,0.0730679646548013,-0.0334389645554257,-0.0113713356750071,0.0248588157215947,-0.2084977860996,-0.298752086915035,-0.473076170490015,-0.705068003610352,0.0867753138817499,-0.183154207199158,-0.365771339400571,1.93146249056875,0.030499161628149,0.0491272756791794,-0.119391233380691,-0.0426668752549892,-0.0343072140510987,0.163401923897208,0.0081087871043953,-0.177066495059422,-0.257801247348243,-0.330340414742177,-0.509879611411796,-0.110849991922173,-0.298936158677886,0.0412608584976522,-0.27079295922979,0.0698211918399503,0.15591959629686,-0.0428121810396425,-0.0453563921239839,-0.0867122758750178,0.232862176066145,0.0178448061252847,0.0570541819623106,0.169853315623964,0.231797349807568,0.474020338602625,-0.0468036608153656,-0.0928238110867401,-0.00876360004163334,-0.491125973991242,0.0921262102315642,0.0664664204829542,-0.0996801727248025,0.0391248505026157,-0.136169122296156,0.0762351824734692,0.02761931704443,0.169030056281104,0.225660685745753,0.411574969191386,0.568447106593922,-0.202890591353576,-0.153603645634894,-0.188287179835135,0.530609261172974,0.000677305667724234,0.0593981720547892,-0.0654524965541701,0.149769144208293,0.021187469166053,0.105769623629972,0.00618015699720839,0.148562923294475,0.255826234202624,0.383305445415036,0.478806854547359,0.126687690937565,0.0215477019440781,0.0700463000876419,0.316037477240736,0.0816816162970054,-0.0767087233143319,-0.111292986868285,0.0536399547934655,-0.0310581239775923,0.206765617238247,0.0116029382780122,-0.0309355061828363,-0.0465671514390329,-0.116468299390337,-0.226423525997942,0.145824244599154,-0.0168350654131401,0.0803207714042913,0.421936295598887,-0.0853039455004102,-0.039326527575166,-0.0631334707610646,0.0863316703899375,-0.00391885867650931,0.130201262025118,0.00156055907902111,0.213343458487289,0.441206365576874,0.603292642855993,0.913030291372176,-0.023572634467951,-0.17584409240169,-0.183043836329375,0.165428140989785,0.140617770893386,-0.751331086521537,-0.185725954467356,0.303720787623369,-0.39341434205683,0.295917336714289,-0.0398299542155206,0.112740663559867,0.527662132909091,0.768444250771461,1.47383936278797,0.0761607514741759,-0.121705220728682,-0.174100517697252,0.397183402893561,0.00567638969532272,-0.215942387132189,-0.20761849291683,0.0384742275986462,0.0215967298166858,0.297426714654361,-0.000944217133755258,0.101260212811472,0.283210701048318,0.415164158400261,0.685575463544388,0.0755005412890273,-0.448254005099594,-0.734123107924906,-29597.7239085198
0.785702777806449,0.247922670358914,-0.020930665220807,-0.113409968266331,0.0730691213498015,-0.0334407612590712,-0.0113698447424132,0.0248588636306388,-0.208494780177388,-0.298750103093481,-0.473077125591151,-0.70506086678542,0.0867765497812118,-0.183150455576366,-0.365768878039146,1.93146732484167,0.0304992138650008,0.0491193352797798,-0.119390945125146,-0.0426689128819571,-0.0343073019823776,0.163402358260628,0.00810871239541143,-0.177068024096382,-0.257802593503752,-0.330343791806117,-0.509875091728227,-0.110843374981559,-0.298932158257043,0.0412656062330008,-0.270782720137358,0.0698225939031804,0.155920078845275,-0.0428154167480868,-0.0453610287617817,-0.086713344525087,0.232862103257775,0.0178447102343003,0.0570543119225463,0.16985258557236,0.231793760888319,0.474022814714106,-0.0468010925992699,-0.0928206206419833,-0.00876280809000054,-0.491126534511947,0.0921262723973832,0.0664746107657602,-0.0996795298198838,0.0391230294812507,-0.136173417314375,0.0762363444314096,0.0276193455531967,0.169027836465655,0.225662158741012,0.411576742353477,0.568454751131723,-0.202884175555254,-0.153593783825027,-0.188291347373267,0.530611821677195,0.000677512795955868,0.0593952950133535,-0.0654508711767004,0.149768478405473,0.0211859302179931,0.105776757536317,0.00618015686179514,0.148558912707239,0.255828932290721,0.383313135329172,0.47880388160398,0.126683444755159,0.0215443756250041,0.0700440366522358,0.316047109736012,0.0816825246907366,-0.0767106596389028,-0.11129535689891,0.0536360672540157,-0.0310606154889249,0.206773336351185,0.0116028212617462,-0.0309362256514268,-0.0465678886842142,-0.116469907154276,-0.226418291805885,0.145829455472669,-0.0168297413104828,0.0803233092573225,0.421930856261024,-0.0853029573913,-0.0393245883555362,-0.0631346979506563,0.0863309514836459,-0.00392196528082123,0.130205739105777,0.00156062573756497,0.21334639816624,0.44120898086401,0.603294609520585,0.913037673068741,-0.0235689045792108,-0.175840278474344,-0.183042205493208,0.165425814353782,0.140621368064681,-0.751325203406311,-0.185726952614729,0.303715983011344,-0.393416584673441,0.295918284694539,-0.039829959301646,0.112745465157715,0.527667220348768,0.768452036082992,1.47384431335576,0.076163816972803,-0.121709116192051,-0.174105974366649,0.397186069524184,0.00567736529314179,-0.215943371184834,-0.207619445784055,0.0384707646963405,0.0215959660608012,0.297424359401072,-0.000944315891153055,0.101262981011391,0.283213261639039,0.415167999585838,0.685583172100211,0.0755037422290699,-0.448247745756635,-0.73411770405202,-29597.723908373
0.785700283557365,0.247921448819464,-0.0209292155432559,-0.113408583095527,0.0730695278188912,-0.0334428324975736,-0.0113694960986348,0.0248589212797032,-0.208494721363923,-0.298748018059964,-0.473073869829683,-0.705055416305302,0.0867794191451395,-0.183145732592532,-0.365766778689045,1.93147328189779,0.0304995250147732,0.0491247736953371,-0.119392798736791,-0.0426712101279811,-0.0343096024928456,0.163399378974694,0.00810867085466667,-0.177069687246039,-0.257803475016609,-0.330346234317341,-0.509873990487925,-0.110843908759411,-0.298926338585274,0.0412682780888616,-0.270771981014962,0.0698240847338081,0.15591417595084,-0.0428169755602828,-0.0453654499355565,-0.0867155470561594,0.232863737490838,0.0178445637977142,0.0570521923853591,0.169852700241358,0.231796635887858,0.474027684580373,-0.0467960510258404,-0.09281835665759,-0.00876122968628238,-0.49112755571615,0.0921264095440681,0.0664693719930688,-0.0996794942010092,0.0391222001543861,-0.136175790850902,0.076236239850106,0.0276193301571344,0.169026448262659,0.225664016949888,0.411581010117759,0.568460553477855,-0.202871416742636,-0.153592126293322,-0.188285888183976,0.53061355081467,0.000677563431444419,0.0593979680484997,-0.0654506683542857,0.149767582827144,0.0211847070645519,0.105783626452608,0.00618008844251387,0.148566479991121,0.255831920395468,0.383310443194376,0.478815915233051,0.126681505129856,0.0215444180077831,0.070037395958041,0.316057085639601,0.0816836506322084,-0.0767116613341697,-0.111297077085718,0.0536319902651872,-0.0310624457438296,0.206776094550824,0.0116026857525327,-0.0309362671551167,-0.0465671991054252,-0.116468910945019,-0.226414427242276,0.145830898503164,-0.0168259649481163,0.0803250187015617,0.42192565794381,-0.0853024033833056,-0.0393262774811404,-0.0631341717847089,0.0863297803910625,-0.00392334006396749,0.130198892810411,0.00156067345277612,0.213349646306715,0.441209908402985,0.603297291017302,0.913043411415179,-0.0235648850262477,-0.175836015368098,-0.183040018912517,0.165424433751181,0.140624259488823,-0.751338437255829,-0.185732102415237,0.303710606147839,-0.393416240344938,0.295920780862857,-0.0398299368741431,0.112747999423766,0.527680839462523,0.768447844213037,1.47385037804625,0.0761691986348325,-0.121703172176531,-0.1741019594532,0.39719037051843,0.00567855207073921,-0.215946035680062,-0.207621360548054,0.038467560507351,0.0215939196013846,0.297428138376878,-0.000944388835290837,0.101264651427392,0.283214605238669,0.415169139192739,0.685589108908327,0.0755065960536013,-0.448243702604247,-0.734117281610784,-29597.7239082844
